2026-10-07T22:42:26.8315069Z Current runner version: '2.337.0'
2026-10-07T22:42:26.8340552Z ##[group]Runner Image Provisioner
2026-10-07T22:42:26.8341402Z Hosted Compute Agent
2026-10-07T22:42:26.8342222Z Version: 20260901.588
2026-10-07T22:42:26.8342823Z Commit: f88ec8081b781fac6c440065ac7ff9e710ce3d0b
2026-10-07T22:42:26.8343481Z Build Date: 2026-09-01T19:56:44Z
2026-10-07T22:42:26.8344117Z Worker ID: {3bd0eb89-3305-4f71-acf8-f4282b61ea3b}
2026-10-07T22:42:26.8344792Z Azure Region: westus3
2026-10-07T22:42:26.8345321Z ##[endgroup]
2026-10-07T22:42:26.8346761Z ##[group]Operating System
2026-10-07T22:42:26.8347325Z Ubuntu
2026-10-07T22:42:26.8347858Z 24.04.5
2026-10-07T22:42:26.8348306Z LTS
2026-10-07T22:42:26.8348773Z ##[endgroup]
2026-10-07T22:42:26.8349292Z ##[group]Runner Image
2026-10-07T22:42:26.8349817Z Image: ubuntu-24.04
2026-10-07T22:42:26.8350381Z Version: 20260927.320.1
2026-10-07T22:42:26.8351541Z Included Software: https://github.com/actions/runner-images/blob/ubuntu24/20260927.320/images/ubuntu/Ubuntu2404-Readme.md
2026-10-07T22:42:26.8353182Z Image Release: https://github.com/actions/runner-images/releases/tag/ubuntu24%2F20260927.320
2026-10-07T22:42:26.8354054Z ##[endgroup]
2026-10-07T22:42:26.8355075Z ##[group]GITHUB_TOKEN Permissions
2026-10-07T22:42:26.8356952Z Contents: read
2026-10-07T22:42:26.8357516Z Metadata: read
2026-10-07T22:42:26.8358028Z ##[endgroup]
2026-10-07T22:42:26.8360452Z Secret source: None
2026-10-07T22:42:26.8361406Z Cache mode: write
2026-10-07T22:42:26.8362379Z Prepare workflow directory
2026-10-07T22:42:26.8696731Z Prepare all required actions
2026-10-07T22:42:26.8746049Z Getting action download info
2026-10-07T22:42:27.1895941Z Download action repository 'actions/checkout@v6' (SHA:d23441a48e516b6c34aea4fa41551a30e30af803)
2026-10-07T22:42:27.2785437Z Download action repository 'actions/upload-artifact@v4' (SHA:ea165f8d65b6e75b540449e92b4886f43607fa02)
2026-10-07T22:42:27.4671438Z Complete job name: Behavior portable serial 7
2026-10-07T22:42:27.5455796Z ##[group]Run actions/checkout@v6
2026-10-07T22:42:27.5456713Z with:
2026-10-07T22:42:27.5457104Z   fetch-depth: 0
2026-10-07T22:42:27.5457521Z   repository: kunchenguid/firstmate
2026-10-07T22:42:27.5460876Z   token: ***
2026-10-07T22:42:27.5461258Z   ssh-strict: true
2026-10-07T22:42:27.5461641Z   ssh-user: git
2026-10-07T22:42:27.5462254Z   persist-credentials: true
2026-10-07T22:42:27.5462700Z   clean: true
2026-10-07T22:42:27.5463109Z   sparse-checkout-cone-mode: true
2026-10-07T22:42:27.5463580Z   fetch-tags: false
2026-10-07T22:42:27.5463993Z   show-progress: true
2026-10-07T22:42:27.5464388Z   lfs: false
2026-10-07T22:42:27.5464758Z   submodules: false
2026-10-07T22:42:27.5465158Z   set-safe-directory: true
2026-10-07T22:42:27.5465607Z   allow-unsafe-pr-checkout: false
2026-10-07T22:42:27.5466346Z ##[endgroup]
2026-10-07T22:42:27.6417172Z Syncing repository: kunchenguid/firstmate
2026-10-07T22:42:27.6418889Z ##[group]Getting Git version info
2026-10-07T22:42:27.6419593Z Working directory is '/home/runner/work/firstmate/firstmate'
2026-10-07T22:42:27.6420499Z [command]/usr/bin/git version
2026-10-07T22:42:27.6492440Z git version 2.55.0
2026-10-07T22:42:27.6514398Z ##[endgroup]
2026-10-07T22:42:27.6527849Z Temporarily overriding HOME='/home/runner/work/_temp/eb7c8137-edbd-4ff8-8e27-6e316eeee8bc' before making global git config changes
2026-10-07T22:42:27.6529602Z Adding repository directory to the temporary git global config as a safe directory
2026-10-07T22:42:27.6532473Z [command]/usr/bin/git config --global --add safe.directory /home/runner/work/firstmate/firstmate
2026-10-07T22:42:27.6579864Z Deleting the contents of '/home/runner/work/firstmate/firstmate'
2026-10-07T22:42:27.6584335Z ##[group]Determining repository object format
2026-10-07T22:42:27.6586461Z ##[endgroup]
2026-10-07T22:42:27.6587115Z ##[group]Initializing the repository
2026-10-07T22:42:27.6590260Z [command]/usr/bin/git init /home/runner/work/firstmate/firstmate
2026-10-07T22:42:27.6688238Z hint: Using 'master' as the name for the initial branch. This default branch name
2026-10-07T22:42:27.6690367Z hint: will change to "main" in Git 3.0. To configure the initial branch name
2026-10-07T22:42:27.6691960Z hint: to use in all of your new repositories, which will suppress this warning,
2026-10-07T22:42:27.6692944Z hint: call:
2026-10-07T22:42:27.6693583Z hint:
2026-10-07T22:42:27.6694245Z hint: 	git config --global init.defaultBranch <name>
2026-10-07T22:42:27.6694992Z hint:
2026-10-07T22:42:27.6695714Z hint: Names commonly chosen instead of 'master' are 'main', 'trunk' and
2026-10-07T22:42:27.6696735Z hint: 'development'. The just-created branch can be renamed via this command:
2026-10-07T22:42:27.6697571Z hint:
2026-10-07T22:42:27.6698172Z hint: 	git branch -m <name>
2026-10-07T22:42:27.6698808Z hint:
2026-10-07T22:42:27.6699793Z hint: Disable this message with "git config set advice.defaultBranchName false"
2026-10-07T22:42:27.6700774Z Initialized empty Git repository in /home/runner/work/firstmate/firstmate/.git/
2026-10-07T22:42:27.6702951Z [command]/usr/bin/git remote add origin https://github.com/kunchenguid/firstmate
2026-10-07T22:42:27.6741168Z ##[endgroup]
2026-10-07T22:42:27.6742330Z ##[group]Disabling automatic garbage collection
2026-10-07T22:42:27.6744332Z [command]/usr/bin/git config --local gc.auto 0
2026-10-07T22:42:27.6769522Z ##[endgroup]
2026-10-07T22:42:27.6770877Z ##[group]Setting up auth
2026-10-07T22:42:27.6771740Z Removing SSH command configuration
2026-10-07T22:42:27.6776731Z [command]/usr/bin/git config --local --name-only --get-regexp core\.sshCommand
2026-10-07T22:42:27.6805133Z [command]/usr/bin/git submodule foreach --recursive sh -c "git config --local --name-only --get-regexp 'core\.sshCommand' && git config --local --unset-all 'core.sshCommand' || :"
2026-10-07T22:42:27.7105574Z Removing HTTP extra header
2026-10-07T22:42:27.7111739Z [command]/usr/bin/git config --local --name-only --get-regexp http\.https\:\/\/github\.com\/\.extraheader
2026-10-07T22:42:27.7138935Z [command]/usr/bin/git submodule foreach --recursive sh -c "git config --local --name-only --get-regexp 'http\.https\:\/\/github\.com\/\.extraheader' && git config --local --unset-all 'http.https://github.com/.extraheader' || :"
2026-10-07T22:42:27.7308871Z Removing includeIf entries pointing to credentials config files
2026-10-07T22:42:27.7314874Z [command]/usr/bin/git config --local --name-only --get-regexp ^includeIf\.gitdir:
2026-10-07T22:42:27.7339880Z [command]/usr/bin/git submodule foreach --recursive git config --local --show-origin --name-only --get-regexp remote.origin.url
2026-10-07T22:42:27.7513813Z [command]/usr/bin/git config --file /home/runner/work/_temp/git-credentials-d7b8b31e-a046-4d4d-bd92-4d84b1cfcd09.config http.https://github.com/.extraheader AUTHORIZATION: basic ***
2026-10-07T22:42:27.7544288Z [command]/usr/bin/git config --local includeIf.gitdir:/home/runner/work/firstmate/firstmate/.git.path /home/runner/work/_temp/git-credentials-d7b8b31e-a046-4d4d-bd92-4d84b1cfcd09.config
2026-10-07T22:42:27.7568419Z [command]/usr/bin/git config --local includeIf.gitdir:/home/runner/work/firstmate/firstmate/.git/worktrees/*.path /home/runner/work/_temp/git-credentials-d7b8b31e-a046-4d4d-bd92-4d84b1cfcd09.config
2026-10-07T22:42:27.7598993Z [command]/usr/bin/git config --local includeIf.gitdir:/github/workspace/.git.path /github/runner_temp/git-credentials-d7b8b31e-a046-4d4d-bd92-4d84b1cfcd09.config
2026-10-07T22:42:27.7623046Z [command]/usr/bin/git config --local includeIf.gitdir:/github/workspace/.git/worktrees/*.path /github/runner_temp/git-credentials-d7b8b31e-a046-4d4d-bd92-4d84b1cfcd09.config
2026-10-07T22:42:27.7643703Z ##[endgroup]
2026-10-07T22:42:27.7644377Z ##[group]Fetching the repository
2026-10-07T22:42:27.7652061Z [command]/usr/bin/git -c protocol.version=2 fetch --no-tags --prune --no-recurse-submodules origin +refs/heads/*:refs/remotes/origin/* +refs/tags/*:refs/tags/* +7c4497ea8fa2a0b6a1613346f817811c0dd5718d:refs/remotes/pull/6807/merge
2026-10-07T22:42:31.0319099Z From https://github.com/kunchenguid/firstmate
2026-10-07T22:42:31.0323674Z  * [new branch]        cursor/ci-fm-ci-churn-macos-herdr-dry-e1d1 -> origin/cursor/ci-fm-ci-churn-macos-herdr-dry-e1d1
2026-10-07T22:42:31.0328989Z  * [new branch]        devin/1790040975-secondmate-fm-root-pin -> origin/devin/1790040975-secondmate-fm-root-pin
2026-10-07T22:42:31.0333515Z  * [new branch]        devin/issue-1506-away-escalation -> origin/devin/issue-1506-away-escalation
2026-10-07T22:42:31.0337767Z  * [new branch]        devin/issue-1641-harness-detect -> origin/devin/issue-1641-harness-detect
2026-10-07T22:42:31.0341465Z  * [new branch]        devin/issue-2002-fm-home -> origin/devin/issue-2002-fm-home
2026-10-07T22:42:31.0344921Z  * [new branch]        devin/issue-947-spawn-seize -> origin/devin/issue-947-spawn-seize
2026-10-07T22:42:31.0347751Z  * [new branch]        fm/afk-pi-wake-bypass-r1 -> origin/fm/afk-pi-wake-bypass-r1
2026-10-07T22:42:31.0349606Z  * [new branch]        fm/fm-3c4-quiet-r1   -> origin/fm/fm-3c4-quiet-r1
2026-10-07T22:42:31.0352840Z  * [new branch]        fm/fm-actionable-update-escalation-misclassification-r1 -> origin/fm/fm-actionable-update-escalation-misclassification-r1
2026-10-07T22:42:31.0357848Z  * [new branch]        fm/fm-actionable-update-escalation-misclassification-r3 -> origin/fm/fm-actionable-update-escalation-misclassification-r3
2026-10-07T22:42:31.0361990Z  * [new branch]        fm/fm-afk-pi-branch-both-postures-r1 -> origin/fm/fm-afk-pi-branch-both-postures-r1
2026-10-07T22:42:31.0365288Z  * [new branch]        fm/fm-branch-note-sailboat-r2 -> origin/fm/fm-branch-note-sailboat-r2
2026-10-07T22:42:31.0368900Z  * [new branch]        fm/fm-composer-thin-adapter-refactor-r1 -> origin/fm/fm-composer-thin-adapter-refactor-r1
2026-10-07T22:42:31.0374180Z  * [new branch]        fm/fm-documentation-audience-cleanup-r1 -> origin/fm/fm-documentation-audience-cleanup-r1
2026-10-07T22:42:31.0379049Z  * [new branch]        fm/fm-fleet-activity-ledger-r1 -> origin/fm/fm-fleet-activity-ledger-r1
2026-10-07T22:42:31.0384232Z  * [new branch]        fm/fm-fleet-activity-ledger-r1-reviewed -> origin/fm/fm-fleet-activity-ledger-r1-reviewed
2026-10-07T22:42:31.0388919Z  * [new branch]        fm/fm-gate-lab-live-validation-r1 -> origin/fm/fm-gate-lab-live-validation-r1
2026-10-07T22:42:31.0391746Z  * [new branch]        fm/fm-herdr-contiguity-resume -> origin/fm/fm-herdr-contiguity-resume
2026-10-07T22:42:31.0395824Z  * [new branch]        fm/fm-herdr-recovery-classifier-stale-agent-r1 -> origin/fm/fm-herdr-recovery-classifier-stale-agent-r1
2026-10-07T22:42:31.0399244Z  * [new branch]        fm/fm-merge-closing-keyword-guard-r1 -> origin/fm/fm-merge-closing-keyword-guard-r1
2026-10-07T22:42:31.0402787Z  * [new branch]        fm/fm-needs-decision-main-only-r1 -> origin/fm/fm-needs-decision-main-only-r1
2026-10-07T22:42:31.0407373Z  * [new branch]        fm/fm-needs-decision-whole-batch-r1 -> origin/fm/fm-needs-decision-whole-batch-r1
2026-10-07T22:42:31.0412284Z  * [new branch]        fm/fm-nm-evidence-store-firstmate-r1 -> origin/fm/fm-nm-evidence-store-firstmate-r1
2026-10-07T22:42:31.0417291Z  * [new branch]        fm/fm-per-task-delivery-override-r1 -> origin/fm/fm-per-task-delivery-override-r1
2026-10-07T22:42:31.0421603Z  * [new branch]        fm/fm-public-stow-readbeforewrite-port-r1 -> origin/fm/fm-public-stow-readbeforewrite-port-r1
2026-10-07T22:42:31.0425909Z  * [new branch]        fm/fm-safe-auto-reboot-simple-r1 -> origin/fm/fm-safe-auto-reboot-simple-r1
2026-10-07T22:42:31.0429266Z  * [new branch]        fm/fm-secondmate-creation-record-intake-r1 -> origin/fm/fm-secondmate-creation-record-intake-r1
2026-10-07T22:42:31.0433255Z  * [new branch]        fm/fm-secondmate-parent-channel-structural-r1 -> origin/fm/fm-secondmate-parent-channel-structural-r1
2026-10-07T22:42:31.0437215Z  * [new branch]        fm/fm-secondmate-record-atomic-transitions-r1 -> origin/fm/fm-secondmate-record-atomic-transitions-r1
2026-10-07T22:42:31.0440820Z  * [new branch]        fm/fm-sessionstart-network-free-r1 -> origin/fm/fm-sessionstart-network-free-r1
2026-10-07T22:42:31.0444004Z  * [new branch]        fm/fm-shared-test-fixtures-r1 -> origin/fm/fm-shared-test-fixtures-r1
2026-10-07T22:42:31.0446834Z  * [new branch]        fm/fm-signal-span-scope-r1 -> origin/fm/fm-signal-span-scope-r1
2026-10-07T22:42:31.0449482Z  * [new branch]        fm/fm-skill-frontmatter-desc-r1 -> origin/fm/fm-skill-frontmatter-desc-r1
2026-10-07T22:42:31.0452629Z  * [new branch]        fm/fm-supervision-host-attended-r1 -> origin/fm/fm-supervision-host-attended-r1
2026-10-07T22:42:31.0455877Z  * [new branch]        fm/fm-supervision-pr-url-hallucination-r1 -> origin/fm/fm-supervision-pr-url-hallucination-r1
2026-10-07T22:42:31.0459230Z  * [new branch]        fm/fm-supervision-rearm-resurface-r1 -> origin/fm/fm-supervision-rearm-resurface-r1
2026-10-07T22:42:31.0462613Z  * [new branch]        fm/fm-supervision-refused-ack-loop-r1 -> origin/fm/fm-supervision-refused-ack-loop-r1
2026-10-07T22:42:31.0466136Z  * [new branch]        fm/fm-teardown-closes-captain-held-scout-r1 -> origin/fm/fm-teardown-closes-captain-held-scout-r1
2026-10-07T22:42:31.0469629Z  * [new branch]        fm/fm-teardown-slot-collision-fix-r1 -> origin/fm/fm-teardown-slot-collision-fix-r1
2026-10-07T22:42:31.0473065Z  * [new branch]        fm/fm-turnend-foreign-owner-arm-fix-r1 -> origin/fm/fm-turnend-foreign-owner-arm-fix-r1
2026-10-07T22:42:31.0476259Z  * [new branch]        fm/fm-watcher-flap-autoarm-fix-r2 -> origin/fm/fm-watcher-flap-autoarm-fix-r2
2026-10-07T22:42:31.0479014Z  * [new branch]        fm/fm-watcher-hardening-r1 -> origin/fm/fm-watcher-hardening-r1
2026-10-07T22:42:31.0481453Z  * [new branch]        fm/fm-watcher-hardening-r2 -> origin/fm/fm-watcher-hardening-r2
2026-10-07T22:42:31.0483977Z  * [new branch]        fm/fm-watcher-hardening-r3 -> origin/fm/fm-watcher-hardening-r3
2026-10-07T22:42:31.0486879Z  * [new branch]        fm/herdr-workspace-contiguity-maintenance -> origin/fm/herdr-workspace-contiguity-maintenance
2026-10-07T22:42:31.0490395Z  * [new branch]        fm/nm-required-exempt-release-please-r1 -> origin/fm/nm-required-exempt-release-please-r1
2026-10-07T22:42:31.0493914Z  * [new branch]        fm/reconcile-inactive-crew-investigate-s1 -> origin/fm/reconcile-inactive-crew-investigate-s1
2026-10-07T22:42:31.0497171Z  * [new branch]        fm/remote-send-confirm-readback-fix-r1 -> origin/fm/remote-send-confirm-readback-fix-r1
2026-10-07T22:42:31.0500085Z  * [new branch]        fm/remote-send-delivery-delta-r1 -> origin/fm/remote-send-delivery-delta-r1
2026-10-07T22:42:31.0503207Z  * [new branch]        fm/secondmate-autonomous-supervision-s7 -> origin/fm/secondmate-autonomous-supervision-s7
2026-10-07T22:42:31.0505780Z  * [new branch]        main                 -> origin/main
2026-10-07T22:42:31.0507566Z  * [new branch]        no-mistakes/evidence -> origin/no-mistakes/evidence
2026-10-07T22:42:31.0509797Z  * [new branch]        proto/herdr-child-workspaces -> origin/proto/herdr-child-workspaces
2026-10-07T22:42:31.0512574Z  * [new branch]        shelf/fm-no-fork-poll-sleep-r1 -> origin/shelf/fm-no-fork-poll-sleep-r1
2026-10-07T22:42:31.0514924Z  * [new ref]           7c4497ea8fa2a0b6a1613346f817811c0dd5718d -> pull/6807/merge
2026-10-07T22:42:31.0518791Z ##[endgroup]
2026-10-07T22:42:31.0520459Z ##[group]Determining the checkout info
2026-10-07T22:42:31.0522557Z ##[endgroup]
2026-10-07T22:42:31.0523655Z [command]/usr/bin/git sparse-checkout disable
2026-10-07T22:42:31.0526682Z [command]/usr/bin/git config --local --unset-all extensions.worktreeConfig
2026-10-07T22:42:31.0530245Z ##[group]Checking out the ref
2026-10-07T22:42:31.0532137Z [command]/usr/bin/git checkout --progress --force refs/remotes/pull/6807/merge
2026-10-07T22:42:31.1447985Z Note: switching to 'refs/remotes/pull/6807/merge'.
2026-10-07T22:42:31.1449441Z 
2026-10-07T22:42:31.1450825Z You are in 'detached HEAD' state. You can look around, make experimental
2026-10-07T22:42:31.1454381Z changes and commit them, and you can discard any commits you make in this
2026-10-07T22:42:31.1457773Z state without impacting any branches by switching back to a branch.
2026-10-07T22:42:31.1459813Z 
2026-10-07T22:42:31.1461184Z If you want to create a new branch to retain commits you create, you may
2026-10-07T22:42:31.1463392Z do so (now or later) by using -c with the switch command. Example:
2026-10-07T22:42:31.1464836Z 
2026-10-07T22:42:31.1465331Z   git switch -c <new-branch-name>
2026-10-07T22:42:31.1466118Z 
2026-10-07T22:42:31.1466581Z Or undo this operation with:
2026-10-07T22:42:31.1467379Z 
2026-10-07T22:42:31.1467811Z   git switch -
2026-10-07T22:42:31.1468352Z 
2026-10-07T22:42:31.1469255Z Turn off this advice by setting config variable advice.detachedHead to false
2026-10-07T22:42:31.1470719Z 
2026-10-07T22:42:31.1472329Z HEAD is now at 7c4497ea Merge 40a5d1a421c6f4ca73aa6295d7f940d355461527 into ac0811c4c820d82009d7a3b8f09555cbf38340c8
2026-10-07T22:42:31.1476956Z ##[endgroup]
2026-10-07T22:42:31.1512759Z [command]/usr/bin/git log -1 --format=%H
2026-10-07T22:42:31.1534929Z 7c4497ea8fa2a0b6a1613346f817811c0dd5718d
2026-10-07T22:42:31.1789837Z ##[group]Run set -eu
2026-10-07T22:42:31.1790950Z [36;1mset -eu[0m
2026-10-07T22:42:31.1792308Z [36;1mbin/fm-install-shellcheck.sh "$RUNNER_TEMP/bin"[0m
2026-10-07T22:42:31.1793807Z [36;1mecho "$RUNNER_TEMP/bin" >> "$GITHUB_PATH"[0m
2026-10-07T22:42:31.1990317Z shell: /usr/bin/bash -e {0}
2026-10-07T22:42:31.1991456Z ##[endgroup]
2026-10-07T22:42:34.8084455Z ShellCheck - shell script analysis tool
2026-10-07T22:42:34.8085374Z version: 0.11.0
2026-10-07T22:42:34.8086013Z license: GNU General Public License, version 3
2026-10-07T22:42:34.8086767Z website: https://www.shellcheck.net
2026-10-07T22:42:34.8238193Z ##[group]Run set -eu
2026-10-07T22:42:34.8238531Z [36;1mset -eu[0m
2026-10-07T22:42:34.8238865Z [36;1mbin/fm-install-actionlint.sh "$RUNNER_TEMP/bin"[0m
2026-10-07T22:42:34.8239276Z [36;1mecho "$RUNNER_TEMP/bin" >> "$GITHUB_PATH"[0m
2026-10-07T22:42:34.8283541Z shell: /usr/bin/bash -e {0}
2026-10-07T22:42:34.8283889Z ##[endgroup]
2026-10-07T22:42:35.1914266Z 1.7.12
2026-10-07T22:42:35.1915655Z installed by downloading from release page
2026-10-07T22:42:35.1916312Z built with go1.26.1 compiler for linux/amd64
2026-10-07T22:42:35.1973875Z ##[group]Run set -eu
2026-10-07T22:42:35.1974161Z [36;1mset -eu[0m
2026-10-07T22:42:35.1974407Z [36;1mcommand -v tmux >/dev/null || {[0m
2026-10-07T22:42:35.1974789Z [36;1m  echo "::error::tmux is required for real afk injection e2e coverage"[0m
2026-10-07T22:42:35.1975154Z [36;1m  exit 1[0m
2026-10-07T22:42:35.1975350Z [36;1m}[0m
2026-10-07T22:42:35.1975536Z [36;1mtmux -V[0m
2026-10-07T22:42:35.2011576Z shell: /usr/bin/bash -e {0}
2026-10-07T22:42:35.2012050Z ##[endgroup]
2026-10-07T22:42:35.2652004Z tmux 3.4
2026-10-07T22:42:35.2686168Z ##[group]Run set -eu
2026-10-07T22:42:35.2686425Z [36;1mset -eu[0m
2026-10-07T22:42:35.2686638Z [36;1mnpm install -g tasks-axi[0m
2026-10-07T22:42:35.2686908Z [36;1mtasks-axi --version[0m
2026-10-07T22:42:35.2722637Z shell: /usr/bin/bash -e {0}
2026-10-07T22:42:35.2722916Z ##[endgroup]
2026-10-07T22:42:37.8598782Z 
2026-10-07T22:42:37.8599286Z added 3 packages in 2s
2026-10-07T22:42:37.9147720Z 0.2.6
2026-10-07T22:42:37.9313786Z ##[group]Run set -eu
2026-10-07T22:42:37.9314055Z [36;1mset -eu[0m
2026-10-07T22:42:37.9314316Z [36;1mnpm install -g @earendil-works/pi-coding-agent[0m
2026-10-07T22:42:37.9314690Z [36;1mnpm ls -g --depth 0 @earendil-works/pi-coding-agent[0m
2026-10-07T22:42:37.9349677Z shell: /usr/bin/bash -e {0}
2026-10-07T22:42:37.9349949Z ##[endgroup]
2026-10-07T22:42:42.7184772Z npm warn deprecated node-domexception@1.0.0: Use your platform's native DOMException instead
2026-10-07T22:42:45.7446068Z 
2026-10-07T22:42:45.7446608Z added 121 packages in 8s
2026-10-07T22:42:45.7447141Z 
2026-10-07T22:42:45.7447403Z 9 packages are looking for funding
2026-10-07T22:42:45.7447932Z   run `npm fund` for details
2026-10-07T22:42:48.6183269Z /usr/local/lib
2026-10-07T22:42:48.6184053Z └── @earendil-works/pi-coding-agent@1.1.0
2026-10-07T22:42:48.6184398Z 
2026-10-07T22:42:48.6329830Z ##[group]Run set -eu
2026-10-07T22:42:48.6330101Z [36;1mset -eu[0m
2026-10-07T22:42:48.6330318Z [36;1mmkdir -p "$RUNNER_TEMP/fm-test"[0m
2026-10-07T22:42:48.6330892Z [36;1m# The Pi package is installed above and CI provides npm and tsc, so[0m
2026-10-07T22:42:48.6331386Z [36;1m# any missing typecheck prerequisite is a broken lane, not a valid skip.[0m
2026-10-07T22:42:48.6332092Z [36;1mbin/fm-test-run.sh --lane "$FM_SERIAL_LANE" \[0m
2026-10-07T22:42:48.6332597Z [36;1m  --fail-on-gate-skip 'Pi extension typecheck prerequisite not found' \[0m
2026-10-07T22:42:48.6333163Z [36;1m  --json "$RUNNER_TEMP/fm-test/fm-test-timing-portable-serial-${FM_SERIAL_SHARD}.json"[0m
2026-10-07T22:42:48.6368331Z shell: /usr/bin/bash -e {0}
2026-10-07T22:42:48.6368588Z env:
2026-10-07T22:42:48.6368821Z   FM_SERIAL_LANE: portable-serial-7of9
2026-10-07T22:42:48.6369160Z   FM_SERIAL_SHARD: 7
2026-10-07T22:42:48.6369367Z ##[endgroup]
2026-10-07T22:42:49.5135240Z FM_TEST_BEGIN 2026-10-07T22:42:49Z tests/fm-procevent.test.sh family=standalone expected_gate_skip=none
2026-10-07T22:42:49.6630321Z ok - no configured source means no generated state and no process
2026-10-07T22:42:51.6240835Z ok - one blocking completion yields exactly one bounded normalized event
2026-10-07T22:42:52.4716119Z ok - a home reached through a symlinked ancestor runs its sources normally
2026-10-07T22:42:53.2423762Z not-autohandled: direct-src (left for the handler; still unacknowledged)
2026-10-07T22:42:53.3399595Z ok - public start owns the process group recorded by its claim
2026-10-07T22:42:53.9502785Z ok - public start never claims an inherited caller process group
2026-10-07T22:42:54.6525981Z ok - an unhandled result survives restart and repeat drains, and only explicit acknowledgement stops its re-announcement
2026-10-07T22:42:55.1811124Z ok - publication cannot race a handled acknowledgement
2026-10-07T22:42:55.3706459Z ok - handled acknowledgement creation is private and fails safely
2026-10-07T22:42:56.9739003Z ok - automatic application waits for durable publication and failed publication remains recoverable
2026-10-07T22:42:59.5836626Z ok - a self-announcing adapter applies quietly and still publishes what it could not apply
2026-10-07T22:43:00.2989084Z not-autohandled: ends-src (left for the handler; still unacknowledged)
2026-10-07T22:43:01.2499298Z ok - an adapter-classified terminal result is captured once, announced, and retires its source automatically
2026-10-07T22:43:01.9378872Z not-autohandled: open-src (left for the handler; still unacknowledged)
2026-10-07T22:43:02.5709922Z ok - a source stays armed unless its own adapter classifies the result terminal
2026-10-07T22:43:04.2327788Z not-autohandled: replace-src (left for the handler; still unacknowledged)
2026-10-07T22:43:04.7773917Z ok - terminal retirement preserves and releases a concurrently replaced registration
2026-10-07T22:43:06.4622872Z ok - failed terminal retirement is fail-closed and idempotently recoverable
2026-10-07T22:43:10.3439781Z ok - one Send & End yields exactly one captured result, automatic retirement, and no recurring poll
2026-10-07T22:43:12.4699090Z ok - an empty board close is captured and recorded handled without ever waking the captain
2026-10-07T22:43:17.0196487Z ok - worker board replies and recovered listeners derive their server from the board session
2026-10-07T22:43:17.8976348Z ok - worker-owned Lavish rounds deliver to the worker, acknowledge on re-arm, and stop at session end
2026-10-07T22:43:19.0142750Z ok - a capture interrupted before its result commit does not wedge its source
2026-10-07T22:43:20.5739024Z ok - an orphaned capture is not acknowledged by a worker it never reached
2026-10-07T22:43:21.3813990Z ok - a worker-owned board is only armed for an owner its feedback can reach
2026-10-07T22:43:25.8045397Z ok - an acknowledged note is never resurrected and stops ringing across repeated reconciles
2026-10-07T22:43:28.1164491Z ok - acknowledging a terminal round concludes that round only
2026-10-07T22:43:29.8914691Z ok - an interrupted conclude leaves the ended board unpollable and finishes on retry
2026-10-07T22:43:32.5227308Z ok - a re-arm that cannot acknowledge its round leaves the running generation alone
2026-10-07T22:43:34.8891514Z ok - a worker-owned board is armed once and re-armed only to acknowledge an open round
2026-10-07T22:43:36.0172772Z ok - a board close carrying the captain's real answer is still announced
2026-10-07T22:43:46.0877019Z ok - the shipped poll governor bounds an instantly returning source
2026-10-07T22:43:49.1458467Z ok - a transient Lavish poll interruption is retried quietly and never announced
2026-10-07T22:43:52.3132132Z ok - a staged worker reply is handed to the board once across quiet poll retries
2026-10-07T22:43:52.3818579Z ok - a listener whose staged reply is gone polls the board without one
2026-10-07T22:43:52.4056507Z ok - a listener that refuses its own setup leaves the staged reply for the next one
2026-10-07T22:43:52.4616145Z ok - a listener whose artifact vanished leaves the staged reply for the next one
2026-10-07T22:44:05.8991311Z ok - an interruption that outlives the bounded retries is captured and announced
2026-10-07T22:44:07.1625871Z ok - only the exact interruption is retried; an unrelated SERVER_ERROR still surfaces
2026-10-07T22:44:08.4203587Z ok - only the literal two-line interruption enters the quiet retry policy
2026-10-07T22:44:08.5473781Z ok - arm rejects malformed and out-of-range retry delays before registration
2026-10-07T22:44:08.6043711Z ok - poll cleanup safely handles an apostrophe-containing TMPDIR
2026-10-07T22:44:09.9618318Z ok - Lavish classification staging stays bounded while nonmatches stream
2026-10-07T22:44:11.7415906Z ok - a drained-but-unhandled result survives a replacement session and is retired only by explicit handling, never twice
2026-10-07T22:44:12.1726599Z ok - pending results preserve numeric order and distinct wake identity
2026-10-07T22:44:14.2934933Z ok - one owner per canonical source across homes
2026-10-07T22:44:14.5803104Z ok - retiring a never-completing source stops its runner and its blocked child
2026-10-07T22:44:15.4529947Z ok - reconcile reaps a runner whose source registration is gone
2026-10-07T22:44:16.2238452Z not-autohandled: stale-src (left for the handler; still unacknowledged)
2026-10-07T22:44:16.6500573Z ok - stale-owner recovery removes abandoned output without displacing a live owner
2026-10-07T22:44:17.4154423Z not-autohandled: cross-home-src (left for the handler; still unacknowledged)
2026-10-07T22:44:17.8497225Z ok - cross-home stale recovery removes abandoned output from the old state directory
2026-10-07T22:44:22.0533299Z not-autohandled: race-src (left for the handler; still unacknowledged)
2026-10-07T22:44:22.8316569Z not-autohandled: race-src (left for the handler; still unacknowledged)
2026-10-07T22:44:22.9251333Z ok - concurrent stale-claim replacement starts exactly one runner
2026-10-07T22:44:25.2379089Z ok - an ambiguous leaderless group is preserved without replacement
2026-10-07T22:44:26.1828070Z ok - a truly dead generation with no surviving group is still safely reclaimed
2026-10-07T22:44:28.1182553Z ok - reconcile reclaims a dead generation whose state-root identity no longer matches
2026-10-07T22:44:28.4182492Z ok - retire releases a dead generation's claim instead of refusing forever
2026-10-07T22:44:30.5205320Z ok - a live generation is never reclaimed, drifted state root or not
2026-10-07T22:44:33.8632487Z ok - a reused pid never makes its surviving process group reclaimable
2026-10-07T22:44:36.0359461Z ok - start reclaims a reused-pid claim whose leftovers can still be tidied
2026-10-07T22:44:46.2190477Z ok - a launch that cannot confirm is announced once per failure episode
2026-10-07T22:44:49.1987017Z ok - a 64-char source id keeps the launch-failed key within the watcher's marker bound
2026-10-07T22:44:52.3670688Z ok - reconcile reports a launch it could not confirm instead of counting it as a start
2026-10-07T22:44:54.2776130Z ok - a launch that finished before confirmation looked is still reported as started
2026-10-07T22:44:54.9940103Z ok - a zero-padded launch confirm window is honored as base 10
2026-10-07T22:44:55.8776950Z ok - an unusable launch confirm window is refused by name instead of blamed on the sources
2026-10-07T22:44:56.8443934Z ok - a dead generation whose leftovers cannot be tidied never keeps owning its source
2026-10-07T22:44:58.1104650Z ok - claim replacement cannot produce a torn ownership snapshot
2026-10-07T22:44:58.6112055Z ok - retirement and start share one serialized lifecycle boundary
2026-10-07T22:44:58.8860732Z ok - detected PID reuse is refused before signalling
2026-10-07T22:44:59.8142078Z ok - transient identity failure preserves the live source for retry
2026-10-07T22:45:01.4435680Z ok - bounded home sweep preflights then retires every locally owned source
2026-10-07T22:45:02.7351677Z ok - home sweep leaves foreign-home claims and runners untouched
2026-10-07T22:45:03.8597538Z ok - home sweep refuses safely until runner identity is readable
2026-10-07T22:45:03.9582090Z ok - healthy runtime behavior remains registration-only
2026-10-07T22:45:04.8501040Z ok - registration rejects unrepresentable newline arguments
2026-10-07T22:45:06.0500827Z ok - nonzero exit with no output stays armed and silent
2026-10-07T22:45:06.9351526Z ok - oversized output is bounded rather than published whole or dropped
2026-10-07T22:45:10.1006362Z ok - live output stays bounded and retirement reaps the whole source group
2026-10-07T22:45:11.2217252Z ok - stop mismatch evidence preserves the proved-stop boundary
2026-10-07T22:45:14.5446910Z ok - stop unreadable evidence preserves the proved-stop boundary
2026-10-07T22:45:17.8566088Z ok - stop unreadable-pgid evidence preserves the proved-stop boundary
2026-10-07T22:45:18.9751289Z ok - stop nonleader evidence preserves the proved-stop boundary
2026-10-07T22:45:20.1703521Z ok - invalid output bounds fail closed
2026-10-07T22:45:20.3442957Z ok - the adapter derives physical identity without newline path corruption
2026-10-07T22:45:20.6455070Z ok - source-only homes trigger the general supervision guard
2026-10-07T22:45:20.8047735Z ok - the adapter classifies published poll output safely
2026-10-07T22:45:21.0647190Z ok - poll derives host and port from the artifact session, not ambient or configured routing
2026-10-07T22:45:22.1598163Z ok - quiet retries use the board session regardless of configuration changes
2026-10-07T22:45:22.3979988Z ok - missing or unreadable session routing preserves replies and never guesses another server
2026-10-07T22:45:22.6195910Z ok - the adapter owns which Lavish results end a source, and payload text cannot forge one
2026-10-07T22:45:22.9847935Z ok - the adapter owns which Lavish results are silent, and fails closed on everything else
2026-10-07T22:45:23.0446437Z ok - read distinguishes a live captain message from a session-ending message
2026-10-07T22:45:23.0513867Z ok - read presents every annotation and a distinct session-ending message
2026-10-07T22:45:23.0817072Z ok - read never certifies rows missing declared fields as complete
2026-10-07T22:45:23.1119317Z ok - read keeps every annotation when the session-ending message is absent
2026-10-07T22:45:23.1437427Z ok - read surfaces a typed comment on an annotated element
2026-10-07T22:45:23.1778390Z ok - read still surfaces a typed comment that matches the element text
2026-10-07T22:45:23.2088331Z ok - read still presents a pure annotation with no comment
2026-10-07T22:45:23.2386772Z ok - read does not present choice context as a comment
2026-10-07T22:45:23.2685604Z ok - read still presents a pure message with no selector
2026-10-07T22:45:23.3284363Z ok - read distinguishes a feedback capture from an ended-with-nothing close
2026-10-07T22:45:23.3853808Z ok - an adapter with no silence verdict keeps announcing every result
2026-10-07T22:45:23.4493135Z ok - the published interfaces state the loss limitation and claim no lossless delivery
2026-10-07T22:45:23.5781478Z registered: floor-src (lavish)
2026-10-07T22:45:26.2830312Z ok - an orphaned source command obeys the launch floor during its grace window
2026-10-07T22:45:27.6309877Z ok - a replacement registration starts with one fresh launch floor
2026-10-07T22:45:29.0620671Z ok - a superseded sleeping runner cannot recreate stale pacing state
2026-10-07T22:45:29.6294272Z ok - post-commit pacing cleanup cannot veto registration publication
2026-10-07T22:45:30.7064064Z ok - a pre-reboot monotonic stamp is treated as expired
2026-10-07T22:45:32.7116001Z ok - an expired owner lease stops a self-relaunching source generation
2026-10-07T22:45:33.8741453Z ok - a recreated state path does not preserve the old runner
2026-10-07T22:45:34.0008801Z registered: guard-fail-src (lavish)
2026-10-07T22:45:35.0720680Z ok - a runner fails closed when its owner guard cannot initialize
2026-10-07T22:45:35.2006568Z registered: attached-src (lavish)
2026-10-07T22:45:39.9998149Z ok - a foreground start refreshes its lease while its caller remains attached
2026-10-07T22:45:45.0416846Z ok - wall-clock corrections do not alter owner lease age
2026-10-07T22:45:45.1699823Z registered: detached-attached-src (lavish)
2026-10-07T22:45:48.3168221Z ok - an attached-start keeper stops refreshing after its parent exits
2026-10-07T22:45:52.2999433Z ok - a detected ambiguous reused-PID group is not signalled
2026-10-07T22:45:53.4776458Z ok - a detached listener starts reparented, with a live descendant tree under it
2026-10-07T22:45:56.6497405Z ok - a listener whose owning session is gone stops itself and its whole process group
2026-10-07T22:45:59.1556749Z ok - reaping the listener stops the process churn under it
2026-10-07T22:45:59.5763000Z ok - an identical listener in a home whose session is still there is untouched
2026-10-07T22:46:00.2845438Z ok - retiring a source reaps its reparented listener and every descendant under it
2026-10-07T22:46:05.0731162Z ok - a stop the guard cannot prove is retried until the expired runner is reaped
2026-10-07T22:46:07.9282850Z ok - retirement escalates after TERM leaves a surviving child (absent leader)
2026-10-07T22:46:10.6828089Z ok - retirement escalates after TERM leaves a surviving child (zombie leader)
2026-10-07T22:46:17.0676981Z ok - an expired runner's guard escalates past a signal-proof child
2026-10-07T22:46:29.8895627Z guard phase: fresh read 6.092-6.103s, expiry 8s, two full intervals could not finish before 18.092s (deadline 17s)
2026-10-07T22:46:29.8912986Z guard bound: lease=7s check=6s reaped 12.3s after the last owner activity, documented bound 15s
2026-10-07T22:46:29.8915086Z ok - an orphaned runner is reaped within the lease plus ONE check interval
2026-10-07T22:46:30.8083518Z decimal interval: 08 halves to 4s and its listener started
2026-10-07T22:46:31.7351361Z decimal interval: 010 halves to 5s and its listener started
2026-10-07T22:46:31.7354304Z ok - a zero-prefixed decimal interval starts its listener and halves as decimal
2026-10-07T22:46:37.1675148Z ok - one unreadable read does not end a live runner
2026-10-07T22:46:42.0894779Z ordinary stop: start status=143 retirement=289ms sampled windows=2039/2038ms
2026-10-07T22:46:42.0895651Z ok - a runner exits on the ordinary stop signal instead of outliving it
2026-10-07T22:46:43.0237349Z ok - a group whose leader died to something else is still refused, not signalled
2026-10-07T22:46:44.3490940Z ok - arm reports ready only after the listener is running
2026-10-07T22:46:46.0956940Z ok - arm waits out a delayed listener start before reporting ready
2026-10-07T22:46:48.3957071Z ok - arm fails when the listener cannot claim, and leaves the registration retire refused
2026-10-07T22:46:51.4259448Z ok - arm waits out the confirm window before reporting that the listener is not running
2026-10-07T22:46:54.8532736Z ok - re-arm over a live earlier listener reports it still serving the board
2026-10-07T22:46:56.1562643Z ok - older compatible Lavish versions retain the poll-with-reply behavior
2026-10-07T22:46:56.5092361Z ok - a refused synchronous reply fails arm before source registration
2026-10-07T22:46:57.2584968Z ok - a refused synchronous reply leaves the same arm retryable
2026-10-07T22:46:58.1076525Z ok - an arm refused for ownership, round, or endpoint never posts its reply
2026-10-07T22:46:58.2533852Z ok - direct poll confirms a new-version reply before polling
2026-10-07T22:46:58.6758079Z ok - an unknown Lavish version fails arm and poll closed, keeping the staged reply
2026-10-07T22:46:59.4251573Z ok - arm posts and confirms the staged reply before reporting listener readiness
2026-10-07T22:47:02.0903493Z ok - re-arm launches the new generation once a draining earlier claim is released
2026-10-07T22:47:06.0347082Z ok - arm does not launch beside a stale claim whose process group is alive
2026-10-07T22:47:06.0347610Z 
2026-10-07T22:47:06.0347775Z all procevent tests passed
2026-10-07T22:47:26.1086135Z FM_TEST_END 2026-10-07T22:47:26Z tests/fm-procevent.test.sh exit=0 duration_ms=276589 gate_skip=false
2026-10-07T22:47:26.1301257Z FM_TEST_BEGIN 2026-10-07T22:47:26Z tests/fm-bearings-snapshot.test.sh family=snapshot-bearings expected_gate_skip=optional-binary
2026-10-07T22:47:26.6469925Z ok - task teardown during metadata capture is omitted without aborting the snapshot
2026-10-07T22:47:27.0015027Z ok - current state and decision hints share one captured status observation
2026-10-07T22:47:27.2814026Z ok - reused live state is discarded when task generation changes
2026-10-07T22:47:38.7106868Z ok - large local snapshot overlaps local reads with byte-identical serial and concurrent projections
2026-10-07T22:48:19.7254784Z ok - remote ledgers collect concurrently under one budget, reuse aged cache, and cancel wedged collectors
2026-10-07T22:48:20.1736041Z ok - a missing remote ledger stays explicitly unreadable without remote summary computation
2026-10-07T22:48:21.5167157Z ok - Domain Alpha structured state overrides a stale parent Phase 7 event
2026-10-07T22:48:22.2203641Z ok - GNU stat file reads select -c without BSD filesystem-report pollution
2026-10-07T22:48:23.6081147Z ok - parent activity evidence is bounded and disclosed
2026-10-07T22:48:25.1331333Z ok - Bearings excludes a status-only child decision
2026-10-07T22:48:26.2061948Z ok - a structured child captain hold reaches Captain's Call
2026-10-07T22:48:28.3748018Z ok - missing, invalid, unreadable, malformed, and unavailable-child homes stay explicit unknowns
2026-10-07T22:48:29.0963436Z ok - oversized ledgers stay strict unknown
2026-10-07T22:48:32.8279146Z ok - secondmate and per-home child counts are bounded, disclosed, and explicitly expandable
2026-10-07T22:48:34.0509808Z ok - parent decisions remain untrusted contradiction evidence
2026-10-07T22:48:35.6526120Z ok - parent evidence reconciliation distinguishes matching holds, blocks, and decisions
2026-10-07T22:48:37.5155571Z ok - nonprogressing child states are explicit and inconsistent terminal rows invalidate
2026-10-07T22:48:41.6470339Z ok - registry unavailability and bounded truncation remain explicit
2026-10-07T22:48:44.0915851Z ok - repeated snapshots keep the same current landed baseline and ignore prior reports
2026-10-07T22:48:47.2905617Z ok - default output is bounded, local-only, and marks omitted surfaces
2026-10-07T22:48:49.8604786Z ok - TOON and JSON are parity representations of the same model
2026-10-07T22:48:51.1567879Z ok - landed includes secondmate-managed merges alongside main-home merges
2026-10-07T22:49:00.1814886Z ok - landed accepts only kind-owned delivery artifacts while answered questions stay out
2026-10-07T22:49:02.5395611Z ok - kind fallback matches tasks-axi word boundaries and preserves scout deliveries
2026-10-07T22:49:03.5045894Z ok - kindless v1 summaries retain report artifacts from fresh and cached ledgers
2026-10-07T22:49:04.8006129Z ok - default landed selection balances one dominant home with sparse homes
2026-10-07T22:49:05.5508094Z ok - landed selection refills capacity after sparse homes exhaust
2026-10-07T22:49:07.8549129Z ok - landed selection uses deterministic home order when homes exceed the cap
2026-10-07T22:49:08.6019251Z ok - landed selection preserves deterministic home and internal tie ordering
2026-10-07T22:49:08.8226843Z ok - landed selection handles no landed items
2026-10-07T22:49:09.5836471Z ok - --all-landed keeps the complete global landed output
2026-10-07T22:49:12.0833517Z ok - landed stays bounded with per-home + overall caps and omitted[] disclosure
2026-10-07T22:49:13.4220948Z ok - Bearings keeps a live blocker in structured live state and never converts it to Charted Next queue work
2026-10-07T22:49:15.4804151Z ok - action-free items (working/done/queued/landed) do not leak into Captain's Call
2026-10-07T22:49:15.8566837Z ok - main orphan in-flight stays out of Underway and is disclosed in omitted/gates
2026-10-07T22:49:16.5621338Z ok - main unstructured current is disclosed while structured siblings still project
2026-10-07T22:49:17.3888839Z ok - counterfactual meta clears main inventory warning and projects the live task
2026-10-07T22:49:21.6892437Z ok - working captain holds retain main and secondmate bucket surfaces
2026-10-07T22:49:23.7014496Z ok - active children reach Underway independently of a home captain hold
2026-10-07T22:49:24.1938746Z ok - blank legacy summary names use their durable identifier
2026-10-07T22:49:24.8977059Z ok - newest filed gates are selected before snapshot bounds
2026-10-07T22:49:25.7686624Z ok - Underway rows carry the durable task name and gates carry their filed date
2026-10-07T22:49:44.2009601Z ok - mixed secondmate roles, partial state, and captain readiness project independently
2026-10-07T22:49:45.0569920Z ok - main and secondmate captain actionability use the same blocker readiness
2026-10-07T22:49:46.4589572Z ok - a completed scout with decision-like report prose is a pointer, not pending
2026-10-07T22:49:47.7546728Z ok - an authoritative captain hold surfaces end-to-end
2026-10-07T22:49:49.0574510Z ok - current report pointers surface
2026-10-07T22:49:51.5467866Z ok - queued body prose never hides an item from the board
2026-10-07T22:49:52.8915910Z ok - --include-prs is the only path that fetches, and it enriches correctly
2026-10-07T22:49:54.2269806Z ok - --include-prs maps a custom branch-prefix PR back to its recorded task
2026-10-07T22:49:55.5356999Z ok - a partial GitHub failure degrades gracefully
2026-10-07T22:49:56.3448839Z ok - Perl fallback bounds stalled GitHub calls without coreutils timeout
2026-10-07T22:49:57.8947602Z ok - all fleet-sized sections are capped with counted opt-in expansion
2026-10-07T22:49:58.2746552Z ok - captain-held tasks of any kind reach Captain's Call, deferral is honored, and landed excludes answered calls
2026-10-07T22:50:00.1463119Z ok - structured hold buckets decide Captain's Call, Charted Next, and the reveal
2026-10-07T22:50:00.5034911Z ok - a blocked deferred hold stays gated when its date arrives and is revealed by --all-decisions
2026-10-07T22:50:00.8866234Z ok - revealed deferred holds display their deferral reason while live calls stay unannotated
2026-10-07T22:50:02.6728636Z ok - live PR enrichment caps repositories with counted expansion
2026-10-07T22:50:05.2157780Z ok - per-repository open-PR caps are disclosed with an expansion knob
2026-10-07T22:50:08.0273179Z ok - projection and TOON rendering failures exit nonzero with diagnostics
2026-10-07T22:50:08.1313284Z FM_TEST_END 2026-10-07T22:50:08Z tests/fm-bearings-snapshot.test.sh exit=0 duration_ms=161995 gate_skip=false
2026-10-07T22:50:08.1526478Z FM_TEST_BEGIN 2026-10-07T22:50:08Z tests/fm-remote-job.test.sh family=secondmate expected_gate_skip=none
2026-10-07T22:50:13.0255923Z ok - default: result and command samples use 0.25 seconds; dispatcher uses four 0.05-second waits then one second
2026-10-07T22:50:17.3110970Z ok - legacy: result and command samples use 0.07 seconds; dispatcher uses four 0.07-second waits then one second
2026-10-07T22:50:21.6876553Z ok - active: result and command samples use 0.12 seconds; dispatcher uses four 0.07-second waits then one second
2026-10-07T22:50:21.7532674Z ok - default queue and execution bounds independently cover long polls
2026-10-07T22:50:21.7644276Z ok - operator PATH excludes a symlinked local bin
2026-10-07T22:50:21.7872117Z ok - operator PATH honors nvm defaults with a deterministic fallback
2026-10-07T22:50:21.7966077Z ok - operator PATH resolves the authorized Nix profile bin link
2026-10-07T22:50:21.8143370Z ok - operator PATH orders discovered tool installs deterministically
2026-10-07T22:50:22.8533668Z ok - the worker preserves bounded argv and stdin in an empty environment
2026-10-07T22:50:27.9256421Z ok - active jobs keep the worker ready for concurrent requests
2026-10-07T22:50:29.5250468Z ok - ensure replaces a live worker after its code changes
2026-10-07T22:50:31.3299706Z ok - worker identity binds the canonical configured code root
2026-10-07T22:50:31.7370136Z ok - stale ownership is reclaimed without signaling a reused pid
2026-10-07T22:50:33.3896189Z ok - the worker enforces the job timeout and publishes its result
2026-10-07T22:50:36.6521146Z ok - the worker expires queued jobs before they can mutate
2026-10-07T22:50:43.7831025Z ok - queued jobs receive a fresh bounded execution window
2026-10-07T22:50:46.6738729Z ok - a queued short command preempts a running long poll instead of waiting its window
2026-10-07T22:50:47.8224012Z ok - a poll re-armed after preemption reads the same cursor with nothing lost
2026-10-07T22:50:56.5922200Z ok - sibling polls never preempt each other into a re-arm churn loop
2026-10-07T22:51:02.0935011Z ok - worker shutdown terminates the active command tree before replacement
2026-10-07T22:51:07.1941512Z ok - Linux supervision recovers crashes and stops orphaned commands
2026-10-07T22:51:12.3737271Z ok - pre-execution validation obeys the job timeout
2026-10-07T22:51:13.2665676Z ok - the worker drains bounded output without changing command results
2026-10-07T22:51:14.9742710Z ok - the worker refuses symlinked job fields before command execution
2026-10-07T22:51:20.4406822Z ok - failed shutdown quarantines ownership against replacement workers
2026-10-07T22:51:32.1221277Z ok - quarantine recovery refuses unverifiable supervisors and ignores reused pids
2026-10-07T22:51:34.4455470Z ok - a repeatedly signalled shutdown still releases ownership for the next worker
2026-10-07T22:51:46.2825292Z ok - TERM after ownership loss stops the serving worker
2026-10-07T22:51:48.4078147Z ok - TERM after ownership loss still stops the active command tree
2026-10-07T22:51:51.2226826Z ok - a lost owner terminates without stopping the replacement owner's work
2026-10-07T22:51:53.5181625Z ok - an ousted worker in shutdown leaves the replacement quarantine untouched
2026-10-07T22:52:00.6853913Z ok - an idle worker sleeps out a second between passes instead of busy-polling
2026-10-07T22:52:05.4375882Z ok - an idle worker keeps its readiness heartbeat fresh between passes
2026-10-07T22:52:07.0797101Z ok - an idle worker claims and publishes a staged job within a few seconds
2026-10-07T22:52:08.4447037Z ok - an idle worker still repairs queue permissions and stops promptly on TERM
2026-10-07T22:52:08.4580875Z ok - the fork-free state read keeps every malformed-record rejection
2026-10-07T22:52:08.4678950Z ok - the builtin record reads bound bytes, not characters, in a UTF-8 locale
2026-10-07T22:52:14.2814118Z ok - the lane scan reads staged records without execs and honors home isolation
2026-10-07T22:52:15.2362512Z ok - a same-home queued command still preempts the poll through the builtin scan
2026-10-07T22:52:16.1637241Z ok - the lane scan bounds argv in bytes, not characters, in a UTF-8 locale
2026-10-07T22:52:19.8336788Z ok - barely healthy worker failures remain bounded by the restart guard
2026-10-07T22:52:19.8337688Z ALL TESTS PASSED
2026-10-07T22:52:19.8875110Z FM_TEST_END 2026-10-07T22:52:19Z tests/fm-remote-job.test.sh exit=0 duration_ms=131728 gate_skip=false
2026-10-07T22:52:19.9084619Z FM_TEST_BEGIN 2026-10-07T22:52:19Z tests/fm-sessionstart-nudge.test.sh family=session-bootstrap expected_gate_skip=none
2026-10-07T22:52:19.9596261Z ok - fm-sessionstart-nudge: a genuine primary gets one explicitly marked instruction line
2026-10-07T22:52:19.9713979Z ok - fm-sessionstart-nudge: NO_MISTAKES_GATE is silent
2026-10-07T22:52:20.0016037Z ok - fm-sessionstart-nudge: .no-mistakes gate common-dir is silent
2026-10-07T22:52:20.0346135Z ok - fm-sessionstart-nudge: an unmarked linked task worktree is silent
2026-10-07T22:52:20.0641128Z ok - fm-sessionstart-nudge: a marked linked secondmate home is a primary
2026-10-07T22:52:20.0820933Z ok - fm-sessionstart-nudge: a checkout without state is silent
2026-10-07T22:52:20.1095992Z ok - fm-sessionstart-nudge: a lock holder in process ancestry is already run
2026-10-07T22:52:20.1118405Z # skip: unprivileged PID namespaces are unavailable here, so the namespace pid 1 lock owner is unverified
2026-10-07T22:52:20.1631250Z ok - OpenCode session.created delivers the exact wrapper nudge once per session
2026-10-07T22:52:21.8825276Z ok - run wrapper: startup runs the full digest and never also nudges
2026-10-07T22:52:27.7990741Z ok - run wrapper: clear and compact re-emit the digest without repeating startup sweeps
2026-10-07T22:52:32.3978103Z ok - run wrapper forwards only stale-cache rebuild sources to immutable-baseline instruction refresh
2026-10-07T22:52:34.2302236Z ok - run wrapper refreshes a compact even when startup completion is unproven
2026-10-07T22:52:35.9566984Z ok - run wrapper: clear falls back to full startup when completion is unproven
2026-10-07T22:52:38.0085668Z ok - run wrapper: clear accepts completion only from the current harness
2026-10-07T22:52:38.0363325Z ok - run wrapper: resume delegates to the nudge instead of re-running the digest
2026-10-07T22:52:41.1590416Z ok - run wrapper: the hook payload's source field drives routing with no explicit argument
2026-10-07T22:52:44.7864150Z ok - run wrapper: an unrecognized or absent source takes the helm rather than skipping it
2026-10-07T22:52:44.8525496Z ok - run wrapper: ordinary ineligible opens stay silent-zero and Pi preflight gets an explicit silent stand-down
2026-10-07T22:52:46.6561600Z ok - run wrapper: a fresh primary checkout gets its missing state dir created, a linked worktree still does not
2026-10-07T22:52:46.6819281Z ok - run wrapper: a fresh primary that cannot create its state dir says so on stderr, then stands down
2026-10-07T22:52:47.5286268Z ok - run wrapper: a session start that cannot take the lock still opens the session and says so
2026-10-07T22:53:03.4348620Z ok - Pi distinguishes header-proven restored CLI sessions from named create-if-missing startups
2026-10-07T22:53:21.9218314Z ok - Pi provider preflight owns one generation-bound startup prerequisite with deterministic fallback, replacement, cancellation, timeout, and truncation
2026-10-07T22:53:24.1982716Z ok - Pi reload shutdown releases its exit listener and stale startup generation
2026-10-07T22:53:24.5032941Z ok - Pi retains a bounded digest prefix and loudly marks oversized preflight delivery
2026-10-07T22:53:24.5958618Z FM_TEST_END 2026-10-07T22:53:24Z tests/fm-sessionstart-nudge.test.sh exit=0 duration_ms=64679 gate_skip=false
2026-10-07T22:53:24.6181105Z FM_TEST_BEGIN 2026-10-07T22:53:24Z tests/fm-inactive-reconcile.test.sh family=watcher-wake-lock expected_gate_skip=none
2026-10-07T22:53:24.9515475Z actionable: inactive terminal outcome awaiting captain presentation: child=child state=done pr=https://example.test/owner/repo/pull/1
2026-10-07T22:53:26.1215963Z ok - main direct terminal presentation has a durable receipt
2026-10-07T22:53:26.4211967Z actionable: inactive terminal outcome awaiting captain presentation: child=child state=done pr=https://example.test/owner/repo/pull/1
2026-10-07T22:53:28.0299292Z ok - a branch-actor acknowledgement retires the inactive-outcome receipt and later scans stay quiet
2026-10-07T22:53:28.3139455Z ok - unpushed CI-ready ship done: is not published upstream
2026-10-07T22:53:28.8109373Z ok - a delivered ship done: skips the git gate on later polls
2026-10-07T22:53:29.5115612Z ok - secondmate delivers a child's terminal ledger line once, on the next poll, from the ledger alone
2026-10-07T22:53:31.9378873Z ok - multiline terminal outcomes are reported once before or during a state read
2026-10-07T22:53:32.5124700Z ok - an unterminated continuation line does not withhold a proven child outcome
2026-10-07T22:53:33.3396194Z ok - later status prose does not change the inactive terminal receipt identity
2026-10-07T22:53:34.0130016Z ok - busy child locks do not starve later ledger outcomes
2026-10-07T22:53:35.0530021Z ok - ledger delivery carries the report pointer, the failed verb, and each new terminal line
2026-10-07T22:53:36.2069296Z ok - pr= requires the recorded PR or a ready-signal terminal line, whatever its stamp, and never a scout
2026-10-07T22:53:36.6723783Z ok - terminal lines arriving during state reads remain ledger-owned
2026-10-07T22:53:37.4517681Z ok - inactive and ledger paths reconcile one raced completion without hiding later events
2026-10-07T22:53:37.9835673Z ok - progress after an inactive fallback starts a distinct terminal event
2026-10-07T22:53:38.5133602Z ok - complete long ledger lines retain distinct receipt identities
2026-10-07T22:53:39.1846125Z ok - a ledger line still being appended waits for its newline
2026-10-07T22:53:39.6617495Z ok - the remote route carries a child's ledger line once
2026-10-07T22:53:40.2823325Z ok - report delivers a child's final line, owes nothing twice, and refuses only an unwritable channel
2026-10-07T22:53:40.6064243Z actionable: child outcome needs parent report: child=child state=done (missing or unreadable parent binding .fm-secondmate-parent)
2026-10-07T22:53:40.8154013Z ok - a pending ship done: is delivered by report after teardown removed the worktree
2026-10-07T22:53:41.1550962Z ok - report preserves teardown's metadata-before-scan lock order
2026-10-07T22:53:41.4595140Z actionable: child outcome needs parent report: child=child state=failed (missing or unreadable parent binding .fm-secondmate-parent)
2026-10-07T22:53:41.5378672Z ok - relative local parent homes fail closed
2026-10-07T22:53:41.9801250Z ok - invalid secondmate markers block routing and surface the obligation
2026-10-07T22:53:42.5364051Z ok - remote parent-replies mirror input is durable and idempotent
2026-10-07T22:53:43.1717838Z ok - reused task ids retain per-incarnation terminal receipts
2026-10-07T22:53:43.7941257Z ok - legacy metadata rewrites preserve terminal receipt identity
2026-10-07T22:53:44.7184578Z ok - relaunch cannot replace metadata during terminal snapshot
2026-10-07T22:53:45.0059285Z actionable: inactive terminal outcome awaiting captain presentation: child=child state=done pr=https://example.test/owner/repo/pull/1
2026-10-07T22:53:45.0321280Z ok - terminal reconciliation ignores heartbeat backoff state
2026-10-07T22:53:45.3248706Z actionable: inactive terminal outcome awaiting captain presentation: child=child state=done pr=https://example.test/owner/repo/pull/1
2026-10-07T22:53:45.3499370Z ok - scan marker replaces a symlink without overwriting its target
2026-10-07T22:53:46.3041434Z ok - nonterminal and captain-held workers remain outside inactive terminal reporting
2026-10-07T22:53:49.1911553Z ok - watcher hook wakes for terminal loss and preserves idle secondmate exemption
2026-10-07T22:53:49.9293592Z ok - the real watcher poll delivers a child's terminal ledger line to the parent channel
2026-10-07T22:53:51.4055437Z actionable: inactive terminal outcome awaiting captain presentation: child=b state=done pr=https://example.test/owner/repo/pull/1
2026-10-07T22:53:52.4783098Z ok - stalled state reads are bounded without starving later children
2026-10-07T22:53:54.6634982Z ok - aggregate scan budget includes durable wake operations
2026-10-07T22:53:55.0169276Z actionable: inactive terminal outcome needs parent report: child=child state=failed (missing or unreadable parent binding .fm-secondmate-parent)
2026-10-07T22:53:56.7646817Z ok - notice recovery remains idempotent across queue acknowledgement
2026-10-07T22:53:57.3820513Z ok - a secondmate home with no parent binding names the missing binding instead of failing quietly
2026-10-07T22:53:57.6754280Z actionable: inactive terminal outcome awaiting captain presentation: child=child state=done pr=https://example.test/owner/repo/pull/1
2026-10-07T22:53:57.7006771Z ok - reconciliation makes zero forge or PR API calls
2026-10-07T22:53:57.9959790Z actionable: inactive terminal outcome awaiting captain presentation: child=child state=done pr=https://example.test/owner/repo/pull/1
2026-10-07T22:53:58.0212657Z ok - reconciliation state reads set no-forge mode
2026-10-07T22:53:58.0213322Z all inactive reconciliation tests passed
2026-10-07T22:54:22.5572865Z FM_TEST_END 2026-10-07T22:54:22Z tests/fm-inactive-reconcile.test.sh exit=0 duration_ms=57932 gate_skip=false
2026-10-07T22:54:22.5788057Z FM_TEST_BEGIN 2026-10-07T22:54:22Z tests/fm-secondmate-sync.test.sh family=secondmate expected_gate_skip=none
2026-10-07T22:54:22.6723917Z ok - T1 updated: a behind home fast-forwards to the primary's local HEAD
2026-10-07T22:54:22.7133336Z ok - T2 current: an already-current home is a no-op and reports no instruction change
2026-10-07T22:54:22.7557764Z ok - T3 dirty: an uncommitted home is skipped, its edit preserved
2026-10-07T22:54:22.8182841Z ok - scratchpad2/ does not mark a secondmate home dirty for the sync guard
2026-10-07T22:54:22.8740515Z ok - T4 diverged: a home that is not an ancestor of the primary's HEAD is skipped
2026-10-07T22:54:22.9223043Z ok - T5 in-flight: a home on a feature branch is skipped, its work preserved
2026-10-07T22:54:23.0054916Z ok - T6 no fetch: the local-HEAD sync never invokes git fetch
2026-10-07T22:54:23.0768961Z ok - T7 sweep nudges on a real instruction change only, but still fast-forwards
2026-10-07T22:54:25.7291530Z ok - T8 bootstrap sweeps live homes and sends exactly one marked nudge for the instruction change
2026-10-07T22:54:27.0158115Z ok - T8a bootstrap nudge send respects FM_STATE_OVERRIDE
2026-10-07T22:54:27.2983926Z ok - T8f bootstrap nudge retry rejects malformed marker ids
2026-10-07T22:54:28.5166134Z ok - T8c failed bootstrap nudge is surfaced and recorded for retry
2026-10-07T22:54:32.1885381Z ok - T8d bootstrap nudge retry is idempotent after success
2026-10-07T22:54:33.9374004Z ok - T8e bootstrap nudge retry refuses a changed home instead of guessing
2026-10-07T22:54:35.4359176Z not ok - respawn stub did not rotate meta window to 'default:wA:p2' (got 'default:w9:pY')
2026-10-07T22:54:35.5010629Z FM_TEST_END 2026-10-07T22:54:35Z tests/fm-secondmate-sync.test.sh exit=1 duration_ms=12917 gate_skip=false
2026-10-07T22:54:35.5227315Z FM_TEST_BEGIN 2026-10-07T22:54:35Z tests/fm-muse-harness.test.sh family=pure-contract-unit expected_gate_skip=none
2026-10-07T22:54:41.1046295Z ok - Muse preflight respects the allowlist while retaining stored authentication
2026-10-07T22:54:41.2130523Z ok - muse is detected through any versioned muse-bin ancestor
2026-10-07T22:54:41.8219129Z ok - muse detection does not claim unrelated muse-containing commands
2026-10-07T22:54:44.5093127Z ok - muse launch clears foreign harness markers before ancestry detection
2026-10-07T22:54:47.1614863Z ok - muse spawn launches with autonomy, privacy control, and a positional brief
2026-10-07T22:55:03.1295153Z ok - muse maps the shared effort vocabulary and reaches ultra only via explicit max
2026-10-07T22:55:03.3554572Z ok - muse spawn refuses when no credential can reach the provider
2026-10-07T22:55:03.5800074Z ok - muse spawn refuses a META_API_KEY that cannot reach the worker
2026-10-07T22:55:06.2418183Z ok - muse spawn accepts a stored credential without META_API_KEY
2026-10-07T22:55:08.9257391Z ok - muse resolves relative XDG roots before preflight and launch
2026-10-07T22:55:09.1370275Z ok - muse is refused as a secondmate harness
2026-10-07T22:55:13.1820740Z ok - muse spawn writes a session binding that teardown removes
2026-10-07T22:55:15.3180010Z ok - every accepted muse Escape alias clears the restored composer
2026-10-07T22:55:15.8333421Z ok - the composer clear is scoped to muse and does not touch other adapters
2026-10-07T22:55:16.3515836Z ok - a failed muse composer clear fails loudly instead of leaving stale input
2026-10-07T22:55:16.3956797Z ok - the run fold tracks open, settled, interrupted, reopened, and run-free logs
2026-10-07T22:55:16.4056517Z ok - a nested terminal record never settles an in-flight run
2026-10-07T22:55:16.4984512Z ok - the session binding folds only the log matching this task's worktree
2026-10-07T22:55:16.5516712Z ok - workspace bindings compare decoded paths literally
2026-10-07T22:55:16.6080218Z ok - spawn-time exclusions select the current session across equal mtimes
2026-10-07T22:55:16.8240000Z ok - the Muse session cache avoids rescans and refreshes safely across incarnations
2026-10-07T22:55:17.0980158Z ok - a changed Muse namespace revalidates cached session uniqueness
2026-10-07T22:55:17.2156869Z ok - sub-agent session logs are excluded from the parent's busy fold
2026-10-07T22:55:17.2840082Z ok - every unproven muse binding classifies unknown rather than idle
2026-10-07T22:55:17.3839142Z ok - a settled session log reads idle for both completed and interrupted turns
2026-10-07T22:55:17.3864586Z ok - muse trusts no busy record source
2026-10-07T22:55:17.4771527Z FM_TEST_END 2026-10-07T22:55:17Z tests/fm-muse-harness.test.sh exit=0 duration_ms=41947 gate_skip=false
2026-10-07T22:55:17.4994521Z FM_TEST_BEGIN 2026-10-07T22:55:17Z tests/fm-startup-growth-check.test.sh family=unclassified expected_gate_skip=none
2026-10-07T22:55:21.8973992Z ok - fm-startup-growth-check
2026-10-07T22:55:21.9377362Z FM_TEST_END 2026-10-07T22:55:21Z tests/fm-startup-growth-check.test.sh exit=0 duration_ms=4432 gate_skip=false
2026-10-07T22:55:21.9595989Z FM_TEST_BEGIN 2026-10-07T22:55:21Z tests/fm-fleet-sync.test.sh family=session-bootstrap expected_gate_skip=none
2026-10-07T22:55:22.2486689Z ok - detached clean ancestor is re-attached and fast-forwarded (recovered)
2026-10-07T22:55:22.4911220Z ok - detached HEAD with unique commits is reported STUCK and left untouched
2026-10-07T22:55:22.7436241Z ok - detached clean ancestor with diverged local default is reported STUCK and left untouched
2026-10-07T22:55:22.9791672Z ok - dirty working tree is reported STUCK and left untouched
2026-10-07T22:55:23.2064216Z ok - non-default named branch is reported STUCK and left untouched
2026-10-07T22:55:23.4421662Z ok - diverged default branch is reported STUCK and left untouched
2026-10-07T22:55:23.6830494Z ok - on-default clean behind clone still fast-forwards
2026-10-07T22:55:23.8963002Z ok - already-current clone is reported unchanged
2026-10-07T22:55:24.0600258Z ok - no-origin clone is skipped (benign), not flagged STUCK
2026-10-07T22:55:24.2649697Z ok - local-only clone is skipped (benign), not flagged STUCK
2026-10-07T22:55:24.4733635Z ok - a clone whose registry entry the parser refuses is skipped, never synced on the default posture
2026-10-07T22:55:24.7120576Z ok - single-project form accepts a bare project name
2026-10-07T22:55:24.9574217Z ok - single-project bare name resolution is not cwd-sensitive
2026-10-07T22:55:25.1955713Z ok - single-project form accepts a projects/<name> relative name
2026-10-07T22:55:25.4289205Z ok - single-project projects/<name> resolution is not cwd-sensitive
2026-10-07T22:55:25.5756595Z ok - single-project form leaves a genuinely bad name unresolved
2026-10-07T22:55:26.3708049Z ok - whole-fleet form processes every clone under projects/
2026-10-07T22:55:27.8201565Z ok - bootstrap relays recovered: and STUCK: fleet-sync outcomes
2026-10-07T22:55:31.4158316Z ok - orphaned provably-stale packed-refs.lock is cleared and the clone syncs
2026-10-07T22:55:35.4524094Z ok - a live packed-refs.lock is never removed and the sync fails loudly
2026-10-07T22:55:38.9244603Z ok - a live process holding the clone worktree dir blocks lock removal (clone-dir liveness)
2026-10-07T22:55:39.2232979Z ok - a transient packed-refs.lock that self-clears is retried without a force-remove
2026-10-07T22:55:39.4308332Z ok - a non-packed-refs.lock fetch failure keeps today's behavior (no retry)
2026-10-07T22:55:39.6230795Z ok - a non-repo directory under projects/ never fast-forwards the enclosing repo
2026-10-07T22:55:39.8217930Z ok - the single-project form also refuses a directory that is not its own clone root
2026-10-07T22:55:56.0082779Z ok - the clone-root guard accepts a symlinked clone directory
2026-10-07T22:55:56.2826951Z ok - the clone-root guard accepts a root named by a different spelling of the same directory
2026-10-07T22:55:56.4444879Z FM_TEST_END 2026-10-07T22:55:56Z tests/fm-fleet-sync.test.sh exit=0 duration_ms=34478 gate_skip=false
2026-10-07T22:55:56.4657559Z FM_TEST_BEGIN 2026-10-07T22:55:56Z tests/fm-cursor-harness.test.sh family=standalone expected_gate_skip=none
2026-10-07T22:55:56.5672913Z ok - fm_cursor_process_matches: cursor's real shapes identify; real node/agent lookalikes do not
2026-10-07T22:55:56.5897912Z ok - fm_cursor_process_matches: name and install-tree signals each carry a verdict alone
2026-10-07T22:55:56.6083618Z ok - fm_cursor_verify_executable: the legacy alias is accepted only with cursor evidence
2026-10-07T22:55:56.6135346Z ok - fm_cursor_resolve_binary: prints the stable launcher, not the versioned target
2026-10-07T22:55:56.6549729Z ok - tmux liveness: a cursor pane is agent; an unrelated node/agent is other, never dead
2026-10-07T22:55:57.0435695Z ok - fm-harness.sh: cursor's marker outranks an inherited CLAUDECODE when ancestry is silent
2026-10-07T22:55:57.2081775Z ok - fm-harness.sh: cursor-like node script names do not establish ancestry identity
2026-10-07T22:55:57.2834465Z ok - cursor transcript fold: role:user opens a turn, turn_ended closes it, aborts included
2026-10-07T22:55:57.3272230Z ok - cursor transcript fold: malformed closes cannot settle through either parser
2026-10-07T22:55:57.3847421Z ok - cursor transcript fold: partial appends never make an active turn idle
2026-10-07T22:55:57.4153844Z ok - cursor transcript fold: an unresolvable binding is unknown, never idle
2026-10-07T22:55:57.4450553Z ok - cursor transcript binding: exact recorded workspacePath only, never a prefix or rebuilt slug
2026-10-07T22:55:57.4809191Z ok - cursor transcript fold: a prior conversation is excluded so a relaunch folds its own turn
2026-10-07T22:56:26.5447577Z FM_TEST_END 2026-10-07T22:56:26Z tests/fm-cursor-harness.test.sh exit=0 duration_ms=30071 gate_skip=false
2026-10-07T22:56:26.5683218Z FM_TEST_BEGIN 2026-10-07T22:56:26Z tests/fm-classify-corr-token.test.sh family=standalone expected_gate_skip=none
2026-10-07T22:56:27.0868253Z ok - captain regex overrides preserve timed and legacy relevance and event bytes
2026-10-07T22:56:28.8928597Z ok - malformed event times stay ordinary line bytes without hiding the event
2026-10-07T22:56:28.9467106Z ok - malformed event times never open or close a decision
2026-10-07T22:56:29.0484331Z ok - optional event time preserves parsing and legacy unknown time
2026-10-07T22:56:31.6833217Z ok - a correlation token between the verb and the key breaks neither opening nor closing
2026-10-07T22:56:34.2176793Z ok - the token is read through before the key, after it, doubled, bracketed, and unkeyed
2026-10-07T22:56:35.7110517Z ok - the untokened opener/closer pair behaves exactly as before
2026-10-07T22:56:42.6221339Z ok - prose, malformed, wrong-length and unknown name=value tokens stay non-transitions
2026-10-07T22:56:43.6958532Z ok - a token-first line cannot impersonate any opening or closing verb
2026-10-07T22:56:43.7037314Z ok - untokened captain-relevance, pause, terminal-verb and captain-held verdicts are unchanged
2026-10-07T22:56:43.7095702Z ok - captain-relevance, terminal-verb, pause and captain-held all read through the token
2026-10-07T22:56:43.7216509Z ok - the daemon and crew-state verb case arms read through the token
2026-10-07T22:56:45.1697854Z ok - reading through the token does not weaken the reserved-key namespace rule
2026-10-07T22:56:45.9049934Z ok - the cursor-backed fold and the whole-file fold agree on every correlated transition
2026-10-07T22:56:46.4959308Z ok - a cursor persisted under the previous reading is discarded and refolded
2026-10-07T22:56:46.8739904Z ok - both real correlation-token writers produce lines this classifier reads through
2026-10-07T22:56:46.9136488Z FM_TEST_END 2026-10-07T22:56:46Z tests/fm-classify-corr-token.test.sh exit=0 duration_ms=20339 gate_skip=false
2026-10-07T22:56:46.9344869Z FM_TEST_BEGIN 2026-10-07T22:56:46Z tests/fm-fleet-ledger.test.sh family=unclassified expected_gate_skip=none
2026-10-07T22:56:53.4494274Z ok - flag on: dispatch, polled status lines, the local merge after its task's pending lines, and cleanup are recorded in order
2026-10-07T22:56:53.6920000Z ok - flag on: a PR merge is recorded once, after the task's pending status lines
2026-10-07T22:56:58.0464831Z ok - flag on: registering a PR records task.pr_ready with its full URL after the task's pending status lines, and the merge-time re-record adds nothing
2026-10-07T22:56:58.1941337Z ok - flag on: a worker's status command records its line at once, and the watcher backstop does not record it again
2026-10-07T22:56:58.3295724Z ok - flag on, state override outside the home: the worker's status command records its line at once
2026-10-07T22:56:58.4616590Z ok - flag on, relative config override: a worker running elsewhere still records its line at once
2026-10-07T22:56:58.5509624Z ok - append failing: the worker's status command exits nonzero and records nothing
2026-10-07T22:56:58.7254977Z ok - ledger failing: the worker's status line still lands exactly, quietly, and the backstop records it later
2026-10-07T22:56:58.8169724Z ok - flag off: the worker's status command is a plain append and leaves no ledger file, offset, or lock
2026-10-07T22:57:05.1483652Z ok - flag off: the whole lifecycle leaves no ledger file, offset, or lock
2026-10-07T22:57:05.2017849Z FM_TEST_END 2026-10-07T22:57:05Z tests/fm-fleet-ledger.test.sh exit=0 duration_ms=18260 gate_skip=false
2026-10-07T22:57:05.2233086Z FM_TEST_BEGIN 2026-10-07T22:57:05Z tests/fm-host-mirror.test.sh family=afk expected_gate_skip=none
2026-10-07T22:57:05.8052265Z ok - mirror: the Claude and Cursor registrations each write the captain's prompt and main's reply
2026-10-07T22:57:05.8189638Z ok - mirror: writers stay silent and write nothing on a home that opted out or has no state
2026-10-07T22:57:05.8651751Z ok - only Claude and Cursor, the primaries with proven writers, have a verified dialog mirror
2026-10-07T22:57:05.9111059Z ok - mirror: a home opted out by config/supervision-host-off is untouched by every tracked mirror registration
2026-10-07T22:57:06.2036196Z ok - mirror: without config/supervision-host the Claude registrations write the mirror and Cursor's stay inert
2026-10-07T22:57:06.7134491Z ok - mirror: operational input, a harness-started turn, a foreign host's payload, other events, and a session without the lock are never mirrored
2026-10-07T22:57:06.9895321Z ok - mirror: a captain prompt and a main reply keep their internal whitespace and newlines verbatim
2026-10-07T22:57:07.4044066Z ok - mirror: a repeated entry is recorded once, and a long entry keeps its head and tail within the cap
2026-10-07T22:57:07.9352782Z ok - mirror: a later different reply under the same id is recorded, while an identical repeat is recorded once
2026-10-07T22:57:08.2640021Z ok - mirror: an entry id already recorded by an earlier main session does not drop a later session's dialog
2026-10-07T22:57:08.7493940Z ok - mirror: a failed append leaves the mirror valid, prints nothing, and later dialog still lands
2026-10-07T22:57:09.0289503Z ok - mirror: the captain's dialog lands only in an owner-only mirror, even when the file already existed readable by others
2026-10-07T22:57:09.3175845Z ok - mirror: captain prompts and main replies reach the mirror without ever entering a process argument list
2026-10-07T22:57:11.2389475Z ok - mirror: the feed resumes from its committed cursor, re-anchors on a new conversation or session, and is bounded
2026-10-07T22:57:11.9629142Z ok - mirror: the feed's bound includes the note naming how many earlier entries it left out
2026-10-07T22:57:12.4110429Z ok - mirror: a later lock holder with a recycled pid is a new main session
2026-10-07T22:57:12.7826550Z ok - mirror: the feed refuses a mirror with a zero, fractional, or non-rising sequence, or an unterminated final record
2026-10-07T22:57:13.9340005Z ok - mirror: a recreated mirror continues past the committed and staged cursors, so a resumed conversation still gets new dialog
2026-10-07T22:57:13.9670075Z FM_TEST_END 2026-10-07T22:57:13Z tests/fm-host-mirror.test.sh exit=0 duration_ms=8737 gate_skip=false
2026-10-07T22:57:13.9888721Z FM_TEST_BEGIN 2026-10-07T22:57:13Z tests/fm-dispatch-resolve.test.sh family=standalone expected_gate_skip=none
2026-10-07T22:57:14.0434223Z ok - absent key is off: one stderr line, exit 0, no network call
2026-10-07T22:57:14.3344556Z ok - TYPESAFE_API_KEY= in .env activates the tool; environment and config overrides work
2026-10-07T22:57:14.4553272Z ok - clear: one rule Choice request, key on the fd header only, spendPriority argmax over every candidate
2026-10-07T22:57:15.3488312Z ok - never-send list withholds the request on a match or a bad list, and never prints the value
2026-10-07T22:57:15.5519481Z ok - rules snapshots and shell quoting preserve the profile protocol
2026-10-07T22:57:15.8891289Z ok - no-rule fallback, Agy, Gemini, and documented configurations resolve
2026-10-07T22:57:15.9890371Z ok - ambiguous: confidence below the fixed floor hands the decision back
2026-10-07T22:57:16.7684199Z ok - per-rule confidence floors fall to the most probable runner-up that clears its own floor
2026-10-07T22:57:17.4955635Z ok - only the brief's task sections and scout tag reach the model, with a whole-brief fallback
2026-10-07T22:57:17.5948386Z ok - escalate: a rule declared approval: captain never yields a profile
2026-10-07T22:57:17.7924802Z ok - rule floor: known shortfall falls through while unavailable evidence escalates
2026-10-07T22:57:18.1887332Z ok - declared provider and profile floor evidence are applied in code
2026-10-07T22:57:18.2887754Z ok - nonnumeric spendPriority evidence is never ranked
2026-10-07T22:57:18.7725194Z ok - partial and missing quota evidence remain eligible but unranked
2026-10-07T22:57:18.9734320Z ok - provider-wide and exact quota rows combine into one limiting candidate
2026-10-07T22:57:19.0700316Z ok - default: no rule matched resolves among the default profiles
2026-10-07T22:57:19.1689263Z ok - tie: equal spendPriority never breaks by array order
2026-10-07T22:57:19.2688022Z ok - no rankable candidate: the tool escalates instead of guessing
2026-10-07T22:57:19.6147665Z ok - native Codex binds to codex-home before default, independently of Pi accounts and row order
2026-10-07T22:57:20.3495170Z ok - Pi native adapters bind to codex-home with existing fallbacks and schema 5 compatibility
2026-10-07T22:57:20.4215210Z ok - schema 6: each candidate binds to its account row; schema 5 is unchanged
2026-10-07T22:57:20.5937416Z ok - quota evidence comes from one quota-axi --json read, and its failure is an error outcome
2026-10-07T22:57:21.5414374Z ok - API, transport, and response failures are error outcomes with exit 0
2026-10-07T22:57:21.9819640Z ok - configuration errors exit 2 before any network call
2026-10-07T22:57:21.9820132Z # all fm-dispatch-resolve tests passed
2026-10-07T22:57:22.0133406Z FM_TEST_END 2026-10-07T22:57:22Z tests/fm-dispatch-resolve.test.sh exit=0 duration_ms=8017 gate_skip=false
2026-10-07T22:57:22.0351257Z FM_TEST_BEGIN 2026-10-07T22:57:22Z tests/fm-startup-memory-budget.test.sh family=secondmate expected_gate_skip=none
2026-10-07T22:57:22.7943087Z ok - primary bootstrap materializes only the visible default and preserves valid captain choices
2026-10-07T22:57:22.8484365Z ok - budget parser accepts one exact positive value and rejects malformed or unsafe inputs
2026-10-07T22:57:22.8862126Z ok - budget accounting sums the three startup files and reports safe failures
2026-10-07T22:57:23.2330324Z ●━━━━━━━━━━━━━━━━━━━━━━━━━━━━━━━━━━━━━━━━━━━━━━━━━━━━━━━━━━━━━━━━━━━━━━━
2026-10-07T22:57:23.2331113Z ●  WATCHER DOWN - SUPERVISION IS OFF
2026-10-07T22:57:23.2335529Z ●  1 task(s) in flight, but no live watcher process holds this home lock (last beat: 0s ago).
2026-10-07T22:57:23.2336461Z ●  Trust the emitted supervision protocol for this harness; do not use shell & for watcher repair.
2026-10-07T22:57:23.2337361Z ●  This is a supervision warning only; the guarded operation WILL still run.
2026-10-07T22:57:23.2338063Z ●  repair missing watcher supervision according to the session-start block for this harness; do not use shell &.
2026-10-07T22:57:23.2339064Z ●━━━━━━━━━━━━━━━━━━━━━━━━━━━━━━━━━━━━━━━━━━━━━━━━━━━━━━━━━━━━━━━━━━━━━━━
2026-10-07T22:57:25.4327982Z WARNING: watcher still down (same stale episode; last beat: 3s ago, grace 300s) - full banner already printed this episode.
2026-10-07T22:57:27.2435456Z WARNING: watcher still down (same stale episode; last beat: 5s ago, grace 300s) - full banner already printed this episode.
2026-10-07T22:57:29.2572810Z ok - budget propagation converges through config push with exact rereads, absence, and safe rejection
2026-10-07T22:57:29.2573878Z # all fm-startup-memory-budget tests passed
2026-10-07T22:57:29.2905325Z FM_TEST_END 2026-10-07T22:57:29Z tests/fm-startup-memory-budget.test.sh exit=0 duration_ms=7249 gate_skip=false
2026-10-07T22:57:29.3123247Z FM_TEST_BEGIN 2026-10-07T22:57:29Z tests/fm-inbox.test.sh family=unclassified expected_gate_skip=none
2026-10-07T22:57:29.4208998Z ok - plain note, list, and wake stay on the historical human path
2026-10-07T22:57:29.4404628Z ok - plain note keeps exit 1 for a saved-but-unannounced failure
2026-10-07T22:57:29.7382159Z ok - the same request id returns the original note as a distinguishable replay
2026-10-07T22:57:29.8801969Z ok - a crash between recording the request id and publishing the note reuses the original id
2026-10-07T22:57:30.4208548Z ok - saved-but-unannounced notes are repairable without creating a second note
2026-10-07T22:57:30.6508299Z ok - repair and replay do not wake firstmate for an already-acknowledged note
2026-10-07T22:57:32.3962297Z ok - receipts JSON is bounded by fixed bounds and discloses what it omitted
2026-10-07T22:57:32.5573073Z ok - notes that predate the announcement marker are unknown, not re-announced
2026-10-07T22:57:32.8487781Z ok - the reply channel is durable and its cursor is a strict order
2026-10-07T22:57:32.9684508Z ok - the reply cursor never goes backwards when the sequence counter is lost
2026-10-07T22:57:33.0265412Z ok - a reply without a valid sequence is reported as malformed
2026-10-07T22:57:33.1539937Z ok - a non-UTF-8 note does not break the receipts view
2026-10-07T22:57:34.2224696Z ok - readiness says unknown (or not-receivable) instead of inferring liveness from a lock
2026-10-07T22:57:34.2452613Z ok - empty bodies and unsafe request ids are refused
2026-10-07T22:57:34.4265704Z ok - a note body that opens with a double dash is queued as text
2026-10-07T22:57:34.5058994Z ok - drain --ack still moves the note to handled
2026-10-07T22:57:34.5422837Z FM_TEST_END 2026-10-07T22:57:34Z tests/fm-inbox.test.sh exit=0 duration_ms=5223 gate_skip=false
2026-10-07T22:57:34.5641736Z FM_TEST_BEGIN 2026-10-07T22:57:34Z tests/fm-busy-state.test.sh family=standalone expected_gate_skip=none
2026-10-07T22:57:34.6667266Z ok - native progress is generation-bound, separately recorded, and cleared on arm and retire
2026-10-07T22:57:34.6865576Z ok - arm mints a gen sidecar and seeds busy fm-spawn at seq=1
2026-10-07T22:57:34.7381164Z ok - apply advances seq under the armed gen and attributes the writing source
2026-10-07T22:57:34.7898884Z ok - firstmate-owned interrupt and recovery events bind to the current gen
2026-10-07T22:57:34.8023575Z ok - apply is refused for a task whose busy contract was never armed
2026-10-07T22:57:34.8588579Z ok - retire waits for the writer lock and cannot remove a new incarnation
2026-10-07T22:57:34.9176019Z ok - retire treats only an absent sidecar as already retired
2026-10-07T22:57:37.0208548Z ok - the writer breaks a stale lock instead of dying on GNU stat output
2026-10-07T22:57:37.0652764Z ok - a late event from a previous incarnation is rejected, record unchanged
2026-10-07T22:57:37.0847782Z ok - a record from a stale incarnation classifies unknown, never idle
2026-10-07T22:57:37.0930350Z ok - a converted adapter with no record classifies unknown, never idle
2026-10-07T22:57:37.1274931Z ok - malformed records classify unknown malformed, never busy or idle
2026-10-07T22:57:37.1315620Z ok - a record with no armed gen sidecar classifies unknown
2026-10-07T22:57:37.1705116Z ok - a record is trusted only by the adapter whose source wrote it
2026-10-07T22:57:37.1787487Z ok - converted adapters never classify busy from rendered footer text
2026-10-07T22:57:37.2096565Z ok - a Claude launch parked on its trust or external-imports dialog classifies unknown launch-prompt
2026-10-07T22:57:37.2776937Z ok - a Pi-family launch (pi, pi-signed, omp) parked on the project-trust dialog classifies unknown launch-prompt
2026-10-07T22:57:37.3001614Z ok - the Pi signature requires both the dialog heading and its decline option, not the bare word trust
2026-10-07T22:57:37.3742882Z ok - a Gemini launch parked on its trust, auth-picker, or API-key dialog classifies unknown launch-prompt
2026-10-07T22:57:37.3984675Z ok - the launch-prompt backstop never reclassifies a genuinely working launch
2026-10-07T22:57:37.4172731Z ok - the launch-prompt backstop is scoped to harnesses with a verified signature
2026-10-07T22:57:37.4499093Z ok - the launch-prompt backstop only ever touches the untouched fm-spawn seed
2026-10-07T22:57:37.4682359Z ok - the launch-prompt backstop never runs without a captured tail
2026-10-07T22:57:37.4807026Z ok - the grok fallback is regex-scoped to grok and classifies only grok tasks
2026-10-07T22:57:37.5104390Z ok - codex classifies unknown until a semantic source passes its verification gate
2026-10-07T22:57:37.5409230Z ok - standalone kimi classifies unknown until the live verification gate opens
2026-10-07T22:57:37.5487554Z ok - cursor classifies only from its transcript fold, never rendered text or native state
2026-10-07T22:57:37.5684524Z ok - endpoint death is the only process-level override and yields dead, never busy
2026-10-07T22:57:37.6045059Z ok - herdr's native verdict is trusted for busy only, and records outrank it
2026-10-07T22:57:37.6274935Z ok - record parsing never clobbers the caller's positional parameters, glob setting, or fields
2026-10-07T22:57:37.6652612Z ok - the boolean view reports busy only on an exact busy verdict
2026-10-07T22:57:37.6653066Z all fm-busy-state tests passed
2026-10-07T22:57:37.6980624Z FM_TEST_END 2026-10-07T22:57:37Z tests/fm-busy-state.test.sh exit=0 duration_ms=3127 gate_skip=false
2026-10-07T22:57:37.7200855Z FM_TEST_BEGIN 2026-10-07T22:57:37Z tests/fm-remote-job-orphan-reap.test.sh family=secondmate expected_gate_skip=none
2026-10-07T22:57:37.9547219Z ok - the Linux start path puts the whole worker tree in its own process group
2026-10-07T22:57:38.0860952Z ok - removing the state root and killing the recorded worker pid leaves the tree running, orphaned
2026-10-07T22:57:38.1148439Z ok - a worker whose code root still exists is never reaped
2026-10-07T22:57:40.0816501Z ok - a worker stops its whole tree once its code root is pruned
2026-10-07T22:57:40.2280543Z ok - a dry run reports the abandoned worker and signals nothing
2026-10-07T22:57:40.4863091Z ok - the reaper stops an abandoned worker's whole tree
2026-10-07T22:57:40.5127485Z ok - the reaper is idempotent
2026-10-07T22:57:40.5420093Z FM_TEST_END 2026-10-07T22:57:40Z tests/fm-remote-job-orphan-reap.test.sh exit=0 duration_ms=2815 gate_skip=false
2026-10-07T22:57:40.5641856Z FM_TEST_BEGIN 2026-10-07T22:57:40Z tests/fm-harness-liveness-drift-live-e2e.test.sh family=live-harness-optin expected_gate_skip=live-capability
2026-10-07T22:57:40.6371315Z # skip: claude is not installed on this machine, so its classification is unverified here
2026-10-07T22:57:40.6382402Z # skip: codex is not installed on this machine, so its classification is unverified here
2026-10-07T22:57:40.6393388Z # skip: opencode is not installed on this machine, so its classification is unverified here
2026-10-07T22:57:41.3085551Z # pi 1.1.0: title='pi' foreground=[pi ]
2026-10-07T22:57:41.3086066Z ok - harness liveness: pi 1.1.0 classifies alive
2026-10-07T22:57:41.3475548Z # pi 1.1.0: ancestry verdicts=[comm pi]
2026-10-07T22:57:41.3476358Z ok - harness detection: pi 1.1.0 is identified by the ancestry walk at comm strength
2026-10-07T22:57:41.3487886Z # skip: pi-signed is not installed on this machine, so its classification is unverified here
2026-10-07T22:57:41.3499187Z # skip: grok is not installed on this machine, so its classification is unverified here
2026-10-07T22:57:41.3511015Z # skip: kimi is not installed on this machine, so its classification is unverified here
2026-10-07T22:57:41.3529543Z # skip: cursor is not installed on this machine, so its classification is unverified here
2026-10-07T22:57:41.3541265Z # skip: muse is not installed on this machine, so its classification is unverified here
2026-10-07T22:57:41.3542578Z # unverified on this machine (not installed): claude codex opencode pi-signed grok kimi cursor muse
2026-10-07T22:57:41.3543158Z # checked 1 installed harness(es)
2026-10-07T22:57:41.3830770Z FM_TEST_END 2026-10-07T22:57:41Z tests/fm-harness-liveness-drift-live-e2e.test.sh exit=0 duration_ms=812 gate_skip=false
2026-10-07T22:57:41.4046854Z FM_TEST_BEGIN 2026-10-07T22:57:41Z tests/fm-gemini-harness.test.sh family=unclassified expected_gate_skip=none
2026-10-07T22:57:41.6884543Z ok - fm-harness.sh: gemini's marker outranks an inherited CLAUDECODE
2026-10-07T22:57:41.9193440Z ok - fm-harness.sh: an inherited AI_AGENT never claims the gemini identity
2026-10-07T22:57:41.9368273Z ok - fm-harness.sh: ancestry detects a natively-named gemini command
2026-10-07T22:57:41.9777880Z ok - fm-harness.sh: ancestry rejects unrelated gemini mentions
2026-10-07T22:57:42.0927061Z ok - fm-harness.sh: this platform's node reports comm=node and ancestry reaches gemini
2026-10-07T22:57:42.0936417Z ok - fm-gemini-lib.sh: identity comes from the script argument, never a bare interpreter
2026-10-07T22:57:42.1099482Z ok - fm-gemini-lib.sh: process argv preserves whitespace in interpreter and Gemini script paths
2026-10-07T22:57:42.1129139Z ok - fm-control-lib.sh: gemini carries its verified interrupt and exit mechanics
2026-10-07T22:57:42.1146004Z ok - fm-control-lib.sh: gemini is a crewmate/scout adapter only
2026-10-07T22:57:42.1151372Z ok - fm-control-lib.sh: gemini's wiring stays outside the project worktree
2026-10-07T22:57:42.1451414Z FM_TEST_END 2026-10-07T22:57:42Z tests/fm-gemini-harness.test.sh exit=0 duration_ms=733 gate_skip=false
2026-10-07T22:57:42.1670101Z FM_TEST_BEGIN 2026-10-07T22:57:42Z tests/fm-pr-state.test.sh family=pr-forge expected_gate_skip=none
2026-10-07T22:57:42.2153774Z ok - a passing required check and a skipped one leave nothing to report
2026-10-07T22:57:42.2391083Z ok - a terminal pull request reports that state and nothing else
2026-10-07T22:57:42.2576795Z ok - draft state blocks readiness
2026-10-07T22:57:42.2865391Z ok - stale changes-requested verdicts explain a blocking review decision
2026-10-07T22:57:42.3083816Z ok - approved PR ignores stale changes-requested history
2026-10-07T22:57:42.3365252Z ok - current changes-requested review blocks readiness
2026-10-07T22:57:42.3920779Z ok - a CHANGES_REQUESTED decision is always reported
2026-10-07T22:57:42.4201320Z ok - the author's own review is never listed as a blocker
2026-10-07T22:57:42.4405004Z ok - a pending approval is not reported as a blocker
2026-10-07T22:57:42.4593232Z ok - required failure blocks readiness
2026-10-07T22:57:42.5023649Z ok - given gh's sentence, an unreported required check is unconfirmed, other check lookup failures refuse
2026-10-07T22:57:42.5228324Z ok - given gh's sentence, a head with no reported checks is unverified rather than ready
2026-10-07T22:57:42.5307133Z ok - help states what empty output means and what is out of scope
2026-10-07T22:57:42.5689935Z ok - unknown and conflicting mergeability block readiness
2026-10-07T22:57:42.5906725Z ok - argument and lookup refusals exit nonzero
2026-10-07T22:57:42.6196418Z FM_TEST_END 2026-10-07T22:57:42Z tests/fm-pr-state.test.sh exit=0 duration_ms=446 gate_skip=false
2026-10-07T22:57:42.6416145Z FM_TEST_BEGIN 2026-10-07T22:57:42Z tests/fm-composer-codex-idle-live-e2e.test.sh family=live-harness-optin expected_gate_skip=live-capability
2026-10-07T22:57:42.6649701Z skip: live: codex absent
2026-10-07T22:57:42.6957346Z FM_TEST_END 2026-10-07T22:57:42Z tests/fm-composer-codex-idle-live-e2e.test.sh exit=0 duration_ms=44 gate_skip=true
2026-10-07T22:57:42.6958298Z fm-test-run: gate skip: tests/fm-composer-codex-idle-live-e2e.test.sh: live: codex absent
2026-10-07T22:57:42.7177808Z FM_TEST_BEGIN 2026-10-07T22:57:42Z tests/fm-harness-adapter-references.test.sh family=pure-contract-unit expected_gate_skip=none
2026-10-07T22:57:42.7514841Z ok - harness adapter routing artifact is normalized and every target is readable
2026-10-07T22:57:42.7808185Z FM_TEST_END 2026-10-07T22:57:42Z tests/fm-harness-adapter-references.test.sh exit=0 duration_ms=56 gate_skip=false
2026-10-07T22:57:42.8031298Z FM_TEST_BEGIN 2026-10-07T22:57:42Z tests/fm-bearings-board-lavish-live-e2e.test.sh family=live-harness-optin expected_gate_skip=live-capability
2026-10-07T22:57:42.8285338Z skip: live: lavish-axi absent
2026-10-07T22:57:42.8585611Z fm-test-run: gate skip: tests/fm-bearings-board-lavish-live-e2e.test.sh: live: lavish-axi absent
2026-10-07T22:57:42.8586983Z FM_TEST_END 2026-10-07T22:57:42Z tests/fm-bearings-board-lavish-live-e2e.test.sh exit=0 duration_ms=45 gate_skip=true
2026-10-07T22:57:42.8803813Z FM_TEST_BEGIN 2026-10-07T22:57:42Z tests/fm-sessionstart-instruction-refresh-live-e2e.test.sh family=live-harness-optin expected_gate_skip=live-capability
2026-10-07T22:57:42.9041149Z skip: live: opt-in; set FM_SESSIONSTART_INSTRUCTION_REFRESH_LIVE_E2E=1 to run
2026-10-07T22:57:42.9352856Z fm-test-run: gate skip: tests/fm-sessionstart-instruction-refresh-live-e2e.test.sh: live: opt-in; set FM_SESSIONSTART_INSTRUCTION_REFRESH_LIVE_E2E=1 to run
2026-10-07T22:57:42.9354910Z FM_TEST_END 2026-10-07T22:57:42Z tests/fm-sessionstart-instruction-refresh-live-e2e.test.sh exit=0 duration_ms=44 gate_skip=true
2026-10-07T22:57:42.9580031Z FM_TEST_BEGIN 2026-10-07T22:57:42Z tests/fm-pi-seeded-home-trust-live-e2e.test.sh family=live-harness-optin expected_gate_skip=live-capability
2026-10-07T22:57:43.2067550Z # live pi version: 1.1.0
2026-10-07T22:57:43.9206131Z ok - fresh seeded Pi secondmate-shaped home stalls on Trust project folder? without --approve
2026-10-07T22:57:44.5712864Z ok - seeded home with --approve starts past the trust dialog without rewriting trust.json
2026-10-07T22:57:45.0088857Z ok - unseeded path without --approve still prompts on Trust project folder?
2026-10-07T22:57:45.0090074Z # all fm-pi-seeded-home-trust-live-e2e checks passed (3)
2026-10-07T22:57:45.0379107Z FM_TEST_END 2026-10-07T22:57:45Z tests/fm-pi-seeded-home-trust-live-e2e.test.sh exit=0 duration_ms=2073 gate_skip=false
2026-10-07T22:57:45.0586802Z FM_TEST_SUMMARY total=26 failed=1 skipped_gate=3 duration_ms=896396
2026-10-07T22:57:45.0602983Z FM_TEST_SUMMARY_FAMILY family=afk count=1 duration_ms=8737 failed=0
2026-10-07T22:57:45.0603871Z FM_TEST_SUMMARY_FAMILY family=live-harness-optin count=5 duration_ms=3018 failed=0
2026-10-07T22:57:45.0604744Z FM_TEST_SUMMARY_FAMILY family=pr-forge count=1 duration_ms=446 failed=0
2026-10-07T22:57:45.0605560Z FM_TEST_SUMMARY_FAMILY family=pure-contract-unit count=2 duration_ms=42003 failed=0
2026-10-07T22:57:45.0606218Z FM_TEST_SUMMARY_FAMILY family=secondmate count=4 duration_ms=154709 failed=1
2026-10-07T22:57:45.0606704Z FM_TEST_SUMMARY_FAMILY family=session-bootstrap count=2 duration_ms=99157 failed=0
2026-10-07T22:57:45.0607202Z FM_TEST_SUMMARY_FAMILY family=snapshot-bearings count=1 duration_ms=161995 failed=0
2026-10-07T22:57:45.0607681Z FM_TEST_SUMMARY_FAMILY family=standalone count=5 duration_ms=338143 failed=0
2026-10-07T22:57:45.0608139Z FM_TEST_SUMMARY_FAMILY family=unclassified count=4 duration_ms=28648 failed=0
2026-10-07T22:57:45.0608629Z FM_TEST_SUMMARY_FAMILY family=watcher-wake-lock count=1 duration_ms=57932 failed=0
2026-10-07T22:57:45.0627536Z FM_TEST_SLOWEST rank=1 script=tests/fm-procevent.test.sh duration_ms=276589
2026-10-07T22:57:45.0628614Z FM_TEST_SLOWEST rank=2 script=tests/fm-bearings-snapshot.test.sh duration_ms=161995
2026-10-07T22:57:45.0629251Z FM_TEST_SLOWEST rank=3 script=tests/fm-remote-job.test.sh duration_ms=131728
2026-10-07T22:57:45.0630071Z FM_TEST_SLOWEST rank=4 script=tests/fm-sessionstart-nudge.test.sh duration_ms=64679
2026-10-07T22:57:45.0630805Z FM_TEST_SLOWEST rank=5 script=tests/fm-inactive-reconcile.test.sh duration_ms=57932
2026-10-07T22:57:45.0631492Z FM_TEST_SLOWEST rank=6 script=tests/fm-muse-harness.test.sh duration_ms=41947
2026-10-07T22:57:45.0632346Z FM_TEST_SLOWEST rank=7 script=tests/fm-fleet-sync.test.sh duration_ms=34478
2026-10-07T22:57:45.0632991Z FM_TEST_SLOWEST rank=8 script=tests/fm-cursor-harness.test.sh duration_ms=30071
2026-10-07T22:57:45.0633574Z FM_TEST_SLOWEST rank=9 script=tests/fm-classify-corr-token.test.sh duration_ms=20339
2026-10-07T22:57:45.0634073Z FM_TEST_SLOWEST rank=10 script=tests/fm-fleet-ledger.test.sh duration_ms=18260
2026-10-07T22:57:45.0634600Z FM_TEST_SLOWEST rank=11 script=tests/fm-secondmate-sync.test.sh duration_ms=12917
2026-10-07T22:57:45.0635350Z FM_TEST_SLOWEST rank=12 script=tests/fm-host-mirror.test.sh duration_ms=8737
2026-10-07T22:57:45.0636209Z FM_TEST_SLOWEST rank=13 script=tests/fm-dispatch-resolve.test.sh duration_ms=8017
2026-10-07T22:57:45.0637046Z FM_TEST_SLOWEST rank=14 script=tests/fm-startup-memory-budget.test.sh duration_ms=7249
2026-10-07T22:57:45.0637900Z FM_TEST_SLOWEST rank=15 script=tests/fm-inbox.test.sh duration_ms=5223
2026-10-07T22:57:45.0903596Z fm-test-run: wrote timing artifact: /home/runner/work/_temp/fm-test/fm-test-timing-portable-serial-7.json
2026-10-07T22:57:45.0957030Z ##[error]Process completed with exit code 1.
2026-10-07T22:57:45.1037937Z ##[group]Run actions/upload-artifact@v4
2026-10-07T22:57:45.1038253Z with:
2026-10-07T22:57:45.1038491Z   name: fm-test-timing-portable-serial-7
2026-10-07T22:57:45.1038889Z   path: /home/runner/work/_temp/fm-test/fm-test-timing-portable-serial-7.json
2026-10-07T22:57:45.1039284Z   if-no-files-found: warn
2026-10-07T22:57:45.1039515Z   compression-level: 6
2026-10-07T22:57:45.1039732Z   overwrite: false
2026-10-07T22:57:45.1039948Z   include-hidden-files: false
2026-10-07T22:57:45.1040198Z ##[endgroup]
2026-10-07T22:57:45.2665926Z (node:443823) [DEP0040] DeprecationWarning: The `punycode` module is deprecated. Please use a userland alternative instead.
2026-10-07T22:57:45.2666720Z (Use `node --trace-deprecation ...` to show where the warning was created)
2026-10-07T22:57:45.2711480Z With the provided path, there will be 1 file uploaded
2026-10-07T22:57:45.2716375Z Artifact name is valid!
2026-10-07T22:57:45.2717106Z Root directory input is valid!
2026-10-07T22:57:45.5915181Z Beginning upload of artifact content to blob storage
2026-10-07T22:57:45.6105425Z (node:443823) [DEP0169] DeprecationWarning: `url.parse()` behavior is not standardized and prone to errors that have security implications. Use the WHATWG URL API instead. CVEs are not issued for `url.parse()` vulnerabilities.
2026-10-07T22:57:45.8296416Z Uploaded bytes 1333
2026-10-07T22:57:45.8922183Z Finished uploading artifact content to blob storage!
2026-10-07T22:57:45.8923689Z SHA256 digest of uploaded artifact zip is 46e459043a8f976a5c57c8bebe4f8310c86d0354c1f85b27ff4807fb5984f65e
2026-10-07T22:57:45.8927795Z Finalizing artifact upload
2026-10-07T22:57:46.1540339Z Artifact fm-test-timing-portable-serial-7.zip successfully finalized. Artifact ID 11516662524
2026-10-07T22:57:46.1542518Z Artifact fm-test-timing-portable-serial-7 has been successfully uploaded! Final size is 1333 bytes. Artifact ID is 11516662524
2026-10-07T22:57:46.1549011Z Artifact download URL: https://github.com/kunchenguid/firstmate/actions/runs/37685889538/artifacts/11516662524
2026-10-07T22:57:46.1744562Z Post job cleanup.
2026-10-07T22:57:46.2582650Z [command]/usr/bin/git version
2026-10-07T22:57:46.2616775Z git version 2.55.0
2026-10-07T22:57:46.2651670Z Temporarily overriding HOME='/home/runner/work/_temp/f3a7543e-43b8-45d4-95e3-5eb0912a15e1' before making global git config changes
2026-10-07T22:57:46.2652600Z Adding repository directory to the temporary git global config as a safe directory
2026-10-07T22:57:46.2656989Z [command]/usr/bin/git config --global --add safe.directory /home/runner/work/firstmate/firstmate
2026-10-07T22:57:46.2683912Z Removing SSH command configuration
2026-10-07T22:57:46.2689831Z [command]/usr/bin/git config --local --name-only --get-regexp core\.sshCommand
2026-10-07T22:57:46.2718493Z [command]/usr/bin/git submodule foreach --recursive sh -c "git config --local --name-only --get-regexp 'core\.sshCommand' && git config --local --unset-all 'core.sshCommand' || :"
2026-10-07T22:57:46.2930583Z Removing HTTP extra header
2026-10-07T22:57:46.2936870Z [command]/usr/bin/git config --local --name-only --get-regexp http\.https\:\/\/github\.com\/\.extraheader
2026-10-07T22:57:46.2969565Z [command]/usr/bin/git submodule foreach --recursive sh -c "git config --local --name-only --get-regexp 'http\.https\:\/\/github\.com\/\.extraheader' && git config --local --unset-all 'http.https://github.com/.extraheader' || :"
2026-10-07T22:57:46.3150549Z Removing includeIf entries pointing to credentials config files
2026-10-07T22:57:46.3157630Z [command]/usr/bin/git config --local --name-only --get-regexp ^includeIf\.gitdir:
2026-10-07T22:57:46.3178856Z includeif.gitdir:/home/runner/work/firstmate/firstmate/.git.path
2026-10-07T22:57:46.3179582Z includeif.gitdir:/home/runner/work/firstmate/firstmate/.git/worktrees/*.path
2026-10-07T22:57:46.3180011Z includeif.gitdir:/github/workspace/.git.path
2026-10-07T22:57:46.3180355Z includeif.gitdir:/github/workspace/.git/worktrees/*.path
2026-10-07T22:57:46.3187711Z [command]/usr/bin/git config --local --get-all includeif.gitdir:/home/runner/work/firstmate/firstmate/.git.path
2026-10-07T22:57:46.3207132Z /home/runner/work/_temp/git-credentials-d7b8b31e-a046-4d4d-bd92-4d84b1cfcd09.config
2026-10-07T22:57:46.3215580Z [command]/usr/bin/git config --local --unset includeif.gitdir:/home/runner/work/firstmate/firstmate/.git.path /home/runner/work/_temp/git-credentials-d7b8b31e-a046-4d4d-bd92-4d84b1cfcd09.config
2026-10-07T22:57:46.3247038Z [command]/usr/bin/git config --local --get-all includeif.gitdir:/home/runner/work/firstmate/firstmate/.git/worktrees/*.path
2026-10-07T22:57:46.3265866Z /home/runner/work/_temp/git-credentials-d7b8b31e-a046-4d4d-bd92-4d84b1cfcd09.config
2026-10-07T22:57:46.3274376Z [command]/usr/bin/git config --local --unset includeif.gitdir:/home/runner/work/firstmate/firstmate/.git/worktrees/*.path /home/runner/work/_temp/git-credentials-d7b8b31e-a046-4d4d-bd92-4d84b1cfcd09.config
2026-10-07T22:57:46.3303618Z [command]/usr/bin/git config --local --get-all includeif.gitdir:/github/workspace/.git.path
2026-10-07T22:57:46.3322494Z /github/runner_temp/git-credentials-d7b8b31e-a046-4d4d-bd92-4d84b1cfcd09.config
2026-10-07T22:57:46.3328778Z [command]/usr/bin/git config --local --unset includeif.gitdir:/github/workspace/.git.path /github/runner_temp/git-credentials-d7b8b31e-a046-4d4d-bd92-4d84b1cfcd09.config
2026-10-07T22:57:46.3358430Z [command]/usr/bin/git config --local --get-all includeif.gitdir:/github/workspace/.git/worktrees/*.path
2026-10-07T22:57:46.3377725Z /github/runner_temp/git-credentials-d7b8b31e-a046-4d4d-bd92-4d84b1cfcd09.config
2026-10-07T22:57:46.3384774Z [command]/usr/bin/git config --local --unset includeif.gitdir:/github/workspace/.git/worktrees/*.path /github/runner_temp/git-credentials-d7b8b31e-a046-4d4d-bd92-4d84b1cfcd09.config
2026-10-07T22:57:46.3426184Z [command]/usr/bin/git submodule foreach --recursive git config --local --show-origin --name-only --get-regexp remote.origin.url
2026-10-07T22:57:46.3598606Z Removing credentials config '/home/runner/work/_temp/git-credentials-d7b8b31e-a046-4d4d-bd92-4d84b1cfcd09.config'
2026-10-07T22:57:46.3737376Z Cleaning up orphan processes
2026-10-07T22:57:46.3944378Z ##[warning]Node.js 20 is deprecated. The following actions target Node.js 20 but are being forced to run on Node.js 24: actions/upload-artifact@v4. For more information see: https://github.blog/changelog/2025-09-19-deprecation-of-node-20-on-github-actions-runners/
